Driver_ID,Age,Experience_Years,Average_Speed,Harsh_Braking_Count,Night_Driving_Hours,Distance_Per_Day,Mobile_Usage_Time,Traffic_Violations,Accident_History,Driving_Score,Risk_Level,Insurance_Premium
DRV00001,58,7,70.7,1,5.8,51.0,8.3,0,0,83,Low,6673.18
DRV00002,59,34,42.7,1,9.6,60.7,3.8,0,0,89,Low,5605.94
DRV00003,42,3,48.7,1,0.5,65.1,3.2,0,0,91,Low,5744.65
DRV00004,41,18,60.2,4,6.5,56.5,27.9,0,0,75,Low,6509.25
DRV00005,40,6,46.0,4,0.7,15.3,10.8,0,0,92,Low,6393.87
DRV00006,32,10,45.7,0,7.7,84.7,7.9,2,0,71,Medium,10968.98
DRV00007,49,25,75.2,0,1.1,25.2,10.9,0,1,80,Low,7898.5
DRV00008,26,8,31.2,7,1.2,49.6,15.5,0,1,65,Medium,11896.97
DRV00009,53,0,54.7,8,6.1,37.3,6.8,0,0,63,Medium,11036.61
DRV00010,50,11,50.4,3,8.4,47.5,4.5,0,3,57,High,17380.33
DRV00011,56,20,50.2,1,1.6,48.8,11.7,1,1,89,Low,7350.54
DRV00012,26,2,37.2,0,3.4,5,19.2,1,0,75,Low,7604.38
DRV00013,51,28,66.3,1,3.9,59.8,4.8,1,0,97,Low,5593.29
DRV00014,22,4,59.8,0,1.1,83.6,11.8,1,1,78,Low,9149.23
DRV00015,45,11,42.1,5,4.9,60.4,2.8,0,2,64,Medium,12707.04
DRV00016,46,4,46.6,1,0.6,57.1,25.6,2,2,53,Medium,15138.22
DRV00017,31,13,53.5,1,6.7,52.9,8.4,5,0,52,Medium,12953.08
DRV00018,36,6,78.6,3,3.9,41.8,4.3,1,0,77,Low,8425.79
DRV00019,33,1,45.8,3,3.4,30.9,4.6,0,0,82,Low,6868.21
DRV00020,38,2,80.3,3,0.9,50.0,10.1,0,0,78,Low,7885.58
DRV00021,46,26,44.9,16,7.3,42.5,15.0,2,0,40,High,16557.48
DRV00022,24,5,45.9,3,5.5,41.7,13.7,0,2,58,Medium,13361.37
DRV00023,45,26,57.8,5,4.4,50.0,18.4,0,0,90,Low,6765.75
DRV00024,27,8,73.0,3,2.7,53.2,7.3,3,0,58,Medium,12813.03
DRV00025,60,6,45.6,8,1.2,72.5,4.1,0,2,61,Medium,12641.93
DRV00026,60,15,55.0,0,9.7,90.0,4.9,0,0,87,Low,5432.28
DRV00027,19,0,47.6,0,6.5,59.6,10.2,2,0,74,Medium,13266.58
DRV00028,34,5,25,0,4.0,14.6,21.2,4,0,57,Medium,13331.37
DRV00029,20,2,40.2,6,5.0,59.4,18.1,0,3,41,High,19737.63
DRV00030,60,7,55.4,1,2.6,28.1,6.1,0,3,60,High,16752.49
DRV00031,57,36,51.7,0,1.9,76.7,12.0,0,0,100,Low,5788.23
DRV00032,68,47,61.3,2,4.4,56.8,23.9,1,0,79,Low,7014.32
DRV00033,33,15,37.1,2,5.5,21.6,7.9,1,2,68,Medium,11841.05
DRV00034,67,27,63.6,4,2.9,90.5,3.4,0,0,92,Low,6252.62
DRV00035,46,19,71.4,2,1.2,5,8.9,2,0,83,Medium,9915.0
DRV00036,33,8,34.5,1,2.2,62.0,2.5,0,0,98,Low,6394.09
DRV00037,39,17,52.4,7,2.5,49.8,9.5,0,0,90,Low,5555.68
DRV00038,52,34,68.5,2,1.8,5,7.7,1,1,85,Low,6571.91
DRV00039,57,34,73.8,3,0.4,52.1,3.4,0,0,99,Low,5775.76
DRV00040,66,24,51.1,2,8.2,106.1,2.2,0,0,90,Low,6612.07
DRV00041,57,9,59.3,0,1.7,75.1,12.8,1,1,80,Low,8407.13
DRV00042,55,1,76.9,9,2.4,34.4,4.5,1,0,56,Medium,12030.73
DRV00043,61,38,67.8,3,0.5,7.8,14.7,1,0,83,Low,6623.52
DRV00044,45,11,38.2,4,2.8,14.1,22.9,0,0,79,Low,6357.7
DRV00045,33,2,54.8,5,3.8,73.8,6.8,0,0,76,Low,7710.36
DRV00046,35,8,39.9,0,1.7,38.1,11.4,0,1,85,Low,7413.29
DRV00047,36,7,48.1,4,2.3,58.1,6.9,0,0,83,Low,6702.61
DRV00048,32,1,55.5,5,1.4,27.4,5.7,1,1,73,Medium,12752.33
DRV00049,36,7,49.3,4,0.6,63.6,0.8,0,0,96,Low,6149.4
DRV00050,48,3,65.1,0,4.3,26.2,3.7,0,4,53,High,19877.53
DRV00051,56,38,60.9,2,2.9,31.4,28.5,0,1,72,Medium,10526.28
DRV00052,66,13,49.2,0,1.6,34.7,3.8,1,0,100,Low,6045.88
DRV00053,36,14,68.5,1,6.9,55.6,3.1,0,0,88,Low,5792.18
DRV00054,68,19,33.3,10,2.8,22.8,6.2,0,0,75,Low,6598.67
DRV00055,45,23,52.7,0,3.8,64.4,5.6,1,0,90,Low,5173.91
DRV00056,29,9,31.0,13,3.0,65.3,6.5,0,0,59,Medium,10994.72
DRV00057,43,24,41.2,1,2.1,39.8,8.0,4,1,61,Medium,12964.86
DRV00058,30,8,40.6,3,3.6,78.8,8.7,0,3,53,High,17715.63
DRV00059,28,4,38.7,0,2.9,38.4,25.2,1,0,74,Medium,12260.05
DRV00060,48,7,49.4,0,4.0,51.6,3.4,1,2,63,Medium,13663.34
DRV00061,35,0,55.2,3,1.2,67.8,6.9,0,0,85,Low,7468.81
DRV00062,62,15,47.5,5,0.5,40.4,16.5,0,1,83,Low,6085.17
DRV00063,49,2,87.1,1,0.9,92.4,2.8,0,0,91,Low,6465.6
DRV00064,22,3,60.5,3,2.5,29.5,6.6,0,3,50,High,18065.64
DRV00065,49,2,49.3,4,1.9,36.2,2.6,1,1,71,Medium,12713.03
DRV00066,37,0,85.4,1,2.4,60.2,10.7,1,0,75,Low,9084.78
DRV00067,57,15,36.8,1,4.4,48.5,14.9,0,0,89,Low,5690.97
DRV00068,40,18,45.6,4,2.9,106.5,2.9,0,0,95,Low,5453.2
DRV00069,60,25,54.8,4,4.1,78.6,22.2,0,1,69,Medium,10659.32
DRV00070,64,42,54.3,0,4.3,36.2,7.3,2,0,84,Medium,10495.83
DRV00071,68,34,68.9,2,1.8,32.0,39.2,3,0,64,Medium,11632.73
DRV00072,47,2,84.4,7,5.6,96.4,7.3,0,0,52,Medium,12195.38
DRV00073,61,16,32.4,11,0.9,25.4,1.2,0,2,62,Medium,12407.53
DRV00074,70,29,69.4,2,1.1,37.0,6.2,0,2,82,Medium,11730.55
DRV00075,60,34,35.0,0,2.6,67.2,9.8,3,0,79,Medium,11381.62
DRV00076,33,11,77.8,3,2.5,69.3,3.2,0,1,72,Medium,10556.11
DRV00077,19,0,60.7,0,3.7,30.5,4.7,0,0,89,Low,7646.01
DRV00078,27,2,30.3,0,2.3,37.3,12.3,0,0,88,Low,7001.67
DRV00079,22,3,43.6,3,2.9,55.3,13.1,2,1,56,Medium,14508.97
DRV00080,19,0,89.0,2,0.9,47.6,8.8,0,0,79,Low,9101.53
DRV00081,55,35,54.3,3,1.9,25.2,8.5,0,1,92,Low,6435.73
DRV00082,31,6,47.0,1,2.9,53.2,2.7,1,0,92,Low,7838.09
DRV00083,22,0,61.5,0,5.8,38.8,11.4,0,0,83,Low,8095.84
DRV00084,60,27,75.3,13,4.0,19.7,12.0,1,0,59,Medium,12078.14
DRV00085,41,3,59.7,6,8.5,16.7,23.9,1,0,56,Medium,12347.31
DRV00086,35,0,68.6,1,2.5,81.9,18.6,0,0,74,Medium,11524.91
DRV00087,67,36,30.7,0,0.8,19.7,8.4,0,0,100,Low,5032.35
DRV00088,25,4,48.6,2,2.0,19.0,4.6,1,1,74,Medium,12465.96
DRV00089,49,27,65.0,4,3.2,69.0,1.0,2,0,75,Medium,10188.92
DRV00090,44,9,60.5,1,7.2,51.3,25.2,0,2,54,Medium,13765.32
DRV00091,51,5,47.1,1,2.1,60.6,10.2,0,2,67,Medium,13260.08
DRV00092,70,41,62.7,0,1.4,31.8,19.5,0,1,82,Low,6837.33
DRV00093,66,37,25,3,4.4,65.2,29.1,0,0,78,Low,6611.59
DRV00094,35,1,54.2,2,0.5,55.6,5.9,4,0,60,Medium,13124.25
DRV00095,55,35,83.1,0,1.4,36.8,10.0,0,1,91,Low,5975.46
DRV00096,23,4,55.3,4,4.1,42.6,20.4,0,1,61,Medium,13018.11
DRV00097,53,24,52.5,4,10,85.6,6.7,0,0,85,Low,6174.12
DRV00098,43,4,26.8,1,2.4,16.2,23.4,1,1,63,Medium,12218.05
DRV00099,59,27,54.9,1,1.9,47.8,10.2,1,0,90,Low,5317.97
DRV00100,57,8,50.4,0,5.1,40.0,1.7,1,3,51,High,17728.12
DRV00101,68,28,59.2,13,6.7,65.7,4.4,0,0,66,Medium,9745.73
DRV00102,50,26,86.8,6,1.1,38.7,14.0,0,0,82,Low,6042.89
DRV00103,36,2,59.1,9,1.2,28.9,8.9,0,0,69,Medium,11252.89
DRV00104,23,2,60.2,0,5.4,68.8,25.1,0,1,66,Medium,12663.51
DRV00105,31,13,80.4,3,2.7,94.0,5.1,0,1,73,Medium,10875.15
DRV00106,49,1,43.9,5,2.3,24.8,4.3,0,0,86,Low,7170.12
DRV00107,68,32,43.0,2,4.4,40.0,21.4,1,1,72,Medium,10908.52
DRV00108,39,4,77.3,6,1.3,56.3,9.2,1,1,62,Medium,13360.84
DRV00109,47,1,56.7,0,0.5,54.9,10.4,0,0,94,Low,6496.93
DRV00110,40,1,67.6,0,2.3,31.9,18.5,0,3,47,High,18650.01
DRV00111,69,33,57.3,2,2.7,57.9,4.2,0,0,100,Low,5800.23
DRV00112,63,27,66.7,2,5.6,70.5,13.1,1,1,75,Low,8191.89
DRV00113,43,11,31.5,0,0.4,44.7,15.4,0,0,96,Low,5420.23
DRV00114,54,2,38.9,11,2.4,25.8,11.9,0,1,53,Medium,13229.38
DRV00115,65,11,42.2,3,1.8,48.1,8.8,0,2,70,Medium,12120.02
DRV00116,22,3,69.8,23,7.4,81.5,16.7,0,0,20,High,18624.12
DRV00117,62,40,65.0,1,1.6,68.2,7.2,0,4,68,High,18598.45
DRV00118,22,2,37.6,2,2.6,70.8,11.9,0,0,80,Low,7646.21
DRV00119,26,8,51.5,13,2.7,36.3,1.9,0,0,65,Medium,11549.28
DRV00120,40,16,82.4,1,4.4,19.5,3.3,0,0,92,Low,6825.83
DRV00121,27,2,44.1,3,8.4,15.8,1.7,0,1,65,Medium,11774.3
DRV00122,58,1,35.5,1,7.2,48.4,6.1,0,0,76,Low,7395.35
DRV00123,56,9,48.2,5,9.2,83.3,3.4,0,0,69,Medium,10535.97
DRV00124,33,4,68.9,1,4.2,59.4,6.6,0,1,69,Medium,11554.66
DRV00125,49,19,51.1,1,2.9,48.2,12.1,0,1,91,Low,6244.73
DRV00126,36,17,65.6,0,1.8,48.6,8.0,0,0,99,Low,5421.04
DRV00127,42,16,38.8,6,4.3,57.3,3.3,0,4,42,High,18468.53
DRV00128,27,3,45.0,0,0.5,33.4,22.6,0,2,74,Medium,13877.45
DRV00129,38,5,40.7,7,4.0,68.7,10.2,0,0,76,Low,7498.59
DRV00130,25,6,33.3,5,3.0,26.5,21.0,0,1,62,Medium,12142.69
DRV00131,58,39,60.4,6,1.7,24.8,16.3,0,0,84,Low,6298.76
DRV00132,50,30,76.2,0,1.1,19.9,6.6,0,0,100,Low,6187.88
DRV00133,39,17,41.2,5,4.5,80.7,12.9,0,0,85,Low,7351.92
DRV00134,37,9,51.2,2,3.1,12.7,5.9,0,2,69,Medium,12497.03
DRV00135,67,9,54.7,5,2.2,67.1,5.4,0,0,92,Low,6125.14
DRV00136,26,1,42.1,1,4.8,26.8,13.9,0,1,76,Low,9174.82
DRV00137,18,0,26.8,8,3.0,79.0,14.1,0,0,60,Medium,12330.58
DRV00138,20,0,31.5,10,0.5,70.6,18.8,0,0,63,Medium,13054.81
DRV00139,39,9,36.0,2,3.2,57.7,17.8,1,0,76,Low,7645.69
DRV00140,61,12,72.2,9,7.9,90.2,2.6,0,0,61,Medium,10844.43
DRV00141,34,12,60.4,12,2.0,88.0,0.8,1,0,70,Medium,11214.75
DRV00142,43,21,25,4,2.0,47.2,13.1,0,0,93,Low,5206.3
DRV00143,44,22,40.8,3,4.7,39.8,5.3,2,0,74,Medium,10901.54
DRV00144,22,4,80.9,9,1.4,77.2,3.9,0,1,56,Medium,12527.43
DRV00145,50,28,64.3,2,2.9,23.4,9.2,1,0,92,Low,5590.61
DRV00146,55,4,72.1,0,0.7,54.2,1.4,1,1,84,Low,8189.92
DRV00147,44,11,73.7,8,5.0,46.9,11.0,0,0,61,Medium,10509.78
DRV00148,64,14,71.7,15,2.9,13.3,8.4,0,0,59,Medium,10992.98
DRV00149,64,7,81.0,3,1.6,55.1,12.5,1,2,51,Medium,14085.86
DRV00150,46,7,32.0,5,1.1,38.1,5.0,0,0,89,Low,5714.76
DRV00151,33,9,91.2,2,2.6,5,11.4,1,0,66,Medium,10983.3
DRV00152,21,2,80.3,6,2.1,35.2,3.7,1,0,66,Medium,12172.57
DRV00153,63,9,70.2,3,1.1,5,4.5,2,2,61,Medium,14042.35
DRV00154,30,0,55.2,3,6.3,83.7,11.5,2,0,59,Medium,12803.42
DRV00155,30,11,104.7,2,1.7,111.5,4.6,0,1,63,Medium,12467.48
DRV00156,40,9,56.6,2,0.9,76.7,9.3,2,0,76,Medium,11364.33
DRV00157,32,11,65.6,10,3.8,62.8,3.7,0,2,45,High,16959.14
DRV00158,61,21,56.6,13,4.5,92.5,4.0,0,1,52,Medium,11675.91
DRV00159,52,3,27.8,0,4.4,41.1,3.7,0,0,84,Low,5862.86
DRV00160,48,21,56.2,3,0.2,48.2,5.7,0,1,90,Low,5858.17
DRV00161,29,1,75.0,1,4.2,33.6,7.1,0,3,45,High,18839.01
DRV00162,62,14,48.7,0,0.4,90.8,7.5,1,1,94,Low,7603.64
DRV00163,59,21,29.1,0,3.4,28.9,4.7,2,0,91,Medium,10222.07
DRV00164,35,17,54.2,10,2.0,45.6,12.3,1,0,72,Medium,10887.01
DRV00165,33,12,49.2,1,5.8,21.2,18.6,0,0,88,Low,6639.29
DRV00166,57,38,36.0,0,1.8,73.0,9.8,3,0,81,Medium,10358.15
DRV00167,23,4,54.6,0,1.8,65.3,7.7,0,3,58,High,18395.53
DRV00168,24,1,72.5,3,3.3,61.3,2.6,0,1,70,Medium,12177.04
DRV00169,44,12,62.7,3,3.4,10.1,4.0,0,0,92,Low,6176.02
DRV00170,37,15,61.1,11,5.5,25.8,13.2,0,0,58,Medium,11005.17
DRV00171,42,10,42.2,6,4.6,57.3,6.1,1,0,74,Medium,11305.13
DRV00172,38,9,55.9,13,6.7,14.2,5.8,0,3,31,High,20654.86
DRV00173,29,10,58.4,5,7.1,42.4,2.2,1,1,63,Medium,12457.16
DRV00174,34,4,51.9,0,2.5,6.7,11.1,0,2,66,Medium,12588.09
DRV00175,23,0,60.8,1,2.5,13.1,0.7,0,0,87,Low,6872.74
DRV00176,46,11,36.7,3,3.2,74.1,8.2,0,3,61,High,17818.44
DRV00177,47,25,62.9,2,2.8,74.6,6.5,1,0,95,Low,5637.3
DRV00178,61,10,81.8,2,3.6,31.2,8.4,1,1,65,Medium,12846.22
DRV00179,43,0,55.4,2,1.5,5,16.5,0,1,69,Medium,12154.41
DRV00180,30,7,76.0,2,2.5,71.5,3.1,0,0,82,Low,5781.86
DRV00181,57,37,65.4,0,2.0,54.5,16.0,0,0,96,Low,5632.43
DRV00182,58,34,50.0,36,3.6,15.6,3.5,0,0,20,High,17018.36
DRV00183,26,3,74.4,2,3.2,5,8.2,0,0,86,Low,7297.98
DRV00184,36,1,54.9,0,2.9,77.4,19.8,0,0,85,Low,6507.39
DRV00185,41,17,60.1,5,3.6,41.7,2.9,1,0,88,Low,6468.47
DRV00186,40,2,25,5,1.6,76.7,12.3,1,1,63,Medium,13199.19
DRV00187,31,13,59.5,1,1.9,56.1,6.5,0,0,100,Low,4437.01
DRV00188,61,6,75.5,2,0.6,78.1,14.5,0,0,82,Low,7141.1
DRV00189,61,25,37.0,1,2.6,50.1,13.7,0,0,97,Low,6575.56
DRV00190,41,14,71.6,0,6.5,41.4,17.8,1,0,78,Low,7065.38
DRV00191,31,6,66.5,1,1.9,23.0,3.3,1,2,66,Medium,12898.21
DRV00192,58,29,94.7,0,2.9,53.6,8.5,2,2,51,Medium,14834.03
DRV00193,35,2,51.1,1,2.5,33.0,16.3,1,1,72,Medium,12729.36
DRV00194,26,3,40.8,0,2.2,44.8,28.6,0,0,88,Low,7771.8
DRV00195,24,2,48.9,1,7.5,63.0,14.0,0,0,73,Medium,11061.41
DRV00196,40,6,51.6,2,5.0,38.1,2.6,1,1,62,Medium,12882.97
DRV00197,38,4,58.3,1,4.1,82.5,5.9,0,2,70,Medium,12595.92
DRV00198,56,32,64.0,4,6.7,70.2,5.1,0,1,83,Low,7672.27
DRV00199,18,0,65.8,7,3.8,42.8,15.6,3,1,34,High,20050.31
DRV00200,34,6,63.5,6,3.2,50.1,10.0,1,0,63,Medium,11251.49
DRV00201,35,2,51.0,0,7.3,74.7,7.7,1,1,70,Medium,13022.53
DRV00202,64,15,64.3,2,2.9,51.6,6.3,1,0,85,Low,5493.21
DRV00203,28,7,76.6,6,5.5,39.5,3.3,0,2,49,High,17282.19
DRV00204,69,27,57.2,4,3.8,56.6,9.0,0,0,89,Low,6094.94
DRV00205,24,4,54.4,5,0.1,37.4,7.2,0,3,64,High,18651.58
DRV00206,63,41,45.7,2,5.5,58.3,2.4,0,2,79,Medium,12355.3
DRV00207,20,1,74.2,1,3.6,59.3,4.5,0,1,66,Medium,12679.71
DRV00208,49,12,55.8,6,1.2,18.0,1.2,1,1,77,Low,8001.67
DRV00209,66,42,39.3,1,1.5,75.6,8.3,3,0,83,Medium,11124.63
DRV00210,32,14,67.3,9,2.9,27.6,12.1,1,0,64,Medium,10745.97
DRV00211,60,8,59.0,1,7.1,66.6,18.0,0,0,80,Low,7683.21
DRV00212,55,6,63.4,2,2.6,59.9,6.3,0,0,86,Low,5695.96
DRV00213,62,38,87.4,1,0.8,59.4,7.1,1,0,87,Low,6673.36
DRV00214,43,14,39.0,0,0.9,37.6,4.5,1,3,73,High,17509.29
DRV00215,70,4,63.8,9,2.8,49.2,36.8,0,0,51,Medium,12205.51
DRV00216,54,27,65.0,0,5.0,26.3,4.7,0,2,84,Medium,11549.46
DRV00217,33,9,25,2,0.8,48.3,8.3,1,0,93,Low,6753.54
DRV00218,19,1,61.0,3,3.1,25.8,10.1,0,0,82,Low,8973.8
DRV00219,67,17,104.1,3,6.4,74.7,14.5,1,2,48,High,19046.39
DRV00220,32,9,74.3,1,8.3,12.8,4.1,1,1,61,Medium,12119.1
DRV00221,62,22,77.5,3,1.4,38.0,6.3,0,0,93,Low,6280.83
DRV00222,18,0,67.3,0,5.5,40.1,1.1,2,1,65,Medium,13357.32
DRV00223,22,2,51.4,3,2.2,14.1,8.6,0,0,83,Low,6939.51
DRV00224,57,22,61.6,0,2.0,79.6,3.3,3,3,46,High,19555.71
DRV00225,54,2,63.8,6,4.2,67.1,2.9,0,0,73,Medium,11279.16
DRV00226,58,5,68.4,5,1.5,15.8,7.0,1,0,70,Medium,11306.68
DRV00227,28,6,42.4,3,0.9,49.0,29.1,1,0,79,Low,8378.51
DRV00228,36,0,41.5,0,1.3,101.7,17.9,2,0,69,Medium,11894.8
DRV00229,48,22,95.5,0,0.9,59.1,4.3,1,1,76,Low,8495.37
DRV00230,33,3,77.8,7,1.2,57.6,8.5,1,1,53,Medium,13383.42
DRV00231,28,10,56.3,7,2.0,57.6,9.8,0,0,84,Low,7521.46
DRV00232,41,5,46.2,2,1.6,54.3,2.1,1,0,84,Low,7571.42
DRV00233,66,37,58.8,1,3.4,56.4,15.7,0,0,94,Low,6104.48
DRV00234,63,2,25,6,4.9,47.3,3.2,0,4,42,High,20090.74
DRV00235,26,0,25,2,10,81.1,2.2,0,0,71,Medium,11707.95
DRV00236,18,0,64.9,3,3.9,56.9,2.8,1,1,69,Medium,12932.1
DRV00237,44,8,44.3,3,0.5,66.6,3.6,1,0,91,Low,6560.92
DRV00238,33,1,57.0,9,0.3,5,6.2,0,1,72,Medium,13032.0
DRV00239,26,4,75.1,6,1.8,43.8,14.1,0,2,49,High,16967.07
DRV00240,41,1,48.6,1,3.3,46.6,27.4,0,0,80,Low,7007.63
DRV00241,33,1,25,4,1.8,62.5,10.1,0,0,78,Low,7812.25
DRV00242,29,7,45.3,0,5.1,36.4,7.7,0,3,63,High,17275.72
DRV00243,61,13,56.0,0,6.7,72.5,0.7,1,1,80,Low,7629.95
DRV00244,69,19,52.2,1,10,11.3,9.1,0,0,80,Low,5620.31
DRV00245,18,0,38.1,1,5.0,35.9,6.8,0,0,77,Low,7144.5
DRV00246,59,19,65.3,1,0.6,74.8,23.1,0,0,99,Low,5769.44
DRV00247,36,8,71.6,5,3.9,34.5,16.9,1,0,67,Medium,11248.9
DRV00248,37,5,75.6,0,0.9,6.7,5.4,1,0,83,Low,6806.42
DRV00249,23,1,41.8,1,6.8,79.3,5.5,2,0,70,Medium,12148.11
DRV00250,57,4,47.6,0,5.0,50.7,8.2,0,4,41,High,20561.21
DRV00251,47,4,47.7,6,3.1,82.8,4.1,0,0,79,Low,6891.09
DRV00252,66,10,30.9,0,4.2,50.7,8.0,0,0,95,Low,6369.27
DRV00253,18,0,58.8,0,0.1,18.5,4.9,0,0,94,Low,7436.16
DRV00254,22,0,54.0,5,4.0,67.0,33.0,0,2,39,High,19322.25
DRV00255,69,25,69.3,16,3.2,50.1,16.8,0,1,46,High,15676.77
DRV00256,56,3,45.8,0,5.1,18.3,7.5,0,0,85,Low,6263.22
DRV00257,37,13,45.6,1,4.1,17.9,3.1,0,0,96,Low,6081.91
DRV00258,30,5,54.1,0,3.2,28.8,0.3,2,2,61,Medium,13573.84
DRV00259,23,4,80.9,9,4.5,65.5,1.8,2,2,23,High,20464.02
DRV00260,45,23,81.3,8,4.5,79.2,34.4,0,1,44,High,16876.27
DRV00261,25,6,43.7,7,5.1,63.5,8.3,0,0,70,Medium,9705.82
DRV00262,28,1,39.5,6,4.9,64.2,7.5,0,1,67,Medium,11577.34
DRV00263,26,7,64.9,2,0.6,42.4,6.4,1,1,72,Medium,11454.1
DRV00264,60,21,33.7,3,2.7,43.6,9.6,1,0,92,Low,5549.97
DRV00265,57,3,95.2,2,3.0,52.1,3.9,0,0,72,Medium,11948.5
DRV00266,53,24,48.4,2,7.2,58.0,3.1,1,0,80,Low,6744.72
DRV00267,18,0,68.7,4,4.6,5,6.8,1,2,42,High,19914.6
DRV00268,56,30,54.8,2,0.9,25.7,0.3,1,1,86,Low,6951.35
DRV00269,24,0,72.9,6,5.9,31.1,5.4,0,2,45,High,19177.45
DRV00270,30,11,43.9,0,4.4,82.4,3.2,0,1,76,Low,6956.91
DRV00271,18,0,41.9,3,1.3,39.6,2.9,1,0,84,Low,8269.83
DRV00272,56,15,51.9,14,2.9,109.1,8.2,1,0,57,Medium,10321.41
DRV00273,63,35,50.8,3,1.9,36.1,15.1,1,3,51,High,17895.15
DRV00274,38,3,59.4,3,4.9,17.2,10.8,0,0,81,Low,7590.15
DRV00275,21,0,66.3,0,1.9,86.0,26.0,0,1,76,Low,9520.8
DRV00276,24,4,75.7,8,5.9,19.0,5.1,1,0,49,High,15503.59
DRV00277,42,13,100.1,1,3.6,30.4,5.3,1,2,55,Medium,12905.21
DRV00278,63,45,41.9,3,4.1,15.8,4.1,0,0,92,Low,5533.26
DRV00279,45,8,50.1,3,1.7,43.6,16.8,0,0,94,Low,6969.61
DRV00280,57,19,37.2,1,6.7,49.9,4.8,0,0,89,Low,5876.28
DRV00281,23,2,60.0,1,2.3,64.4,19.0,6,2,22,High,22130.36
DRV00282,60,22,25.3,3,4.3,65.4,15.6,2,3,41,High,19256.32
DRV00283,36,0,83.2,1,7.2,24.4,1.7,0,0,73,Medium,11335.41
DRV00284,67,34,36.0,0,4.3,41.0,15.7,0,2,81,Medium,11228.6
DRV00285,45,20,60.5,4,0.4,39.5,4.1,0,2,85,Medium,11214.05
DRV00286,46,20,46.5,1,3.2,59.8,15.7,0,2,70,Medium,12326.29
DRV00287,19,1,64.3,5,7.0,62.1,6.0,0,2,56,Medium,14395.24
DRV00288,59,23,60.3,8,3.8,47.0,11.2,0,1,70,Medium,10884.93
DRV00289,59,32,64.4,3,1.7,59.9,15.1,0,1,88,Low,7006.78
DRV00290,59,35,79.4,1,1.4,63.9,15.1,0,0,93,Low,6386.53
DRV00291,39,19,44.7,0,3.7,16.9,6.4,1,1,84,Low,7727.64
DRV00292,61,21,70.8,1,2.0,29.4,4.1,2,2,69,Medium,13211.73
DRV00293,34,2,53.2,7,4.4,5,12.0,0,0,68,Medium,12365.02
DRV00294,52,30,52.8,1,3.2,36.8,5.1,4,1,64,Medium,12840.77
DRV00295,28,2,39.1,8,1.2,35.4,19.5,0,0,67,Medium,11034.07
DRV00296,68,23,30.7,8,0.5,82.7,2.9,1,0,85,Low,5965.51
DRV00297,54,11,46.9,3,1.7,64.4,4.9,1,0,89,Low,5707.19
DRV00298,18,0,47.2,2,1.9,54.4,3.8,1,1,69,Medium,13556.11
DRV00299,25,7,49.7,3,4.5,23.6,5.2,0,0,76,Low,6630.72
DRV00300,27,0,76.2,2,2.6,94.9,13.9,1,2,50,Medium,14480.56
DRV00301,56,30,64.6,7,4.1,37.1,14.7,1,0,66,Medium,10840.88
DRV00302,32,6,52.2,0,2.7,55.6,2.7,1,0,91,Low,6344.63
DRV00303,25,1,49.6,3,7.9,49.4,20.4,0,0,70,Medium,11910.68
DRV00304,32,12,30.8,1,7.2,52.6,25.7,0,0,77,Low,5750.09
DRV00305,23,2,41.7,1,0.2,30.6,0.6,0,0,100,Low,7480.59
DRV00306,44,11,71.2,3,1.8,63.7,11.6,5,0,52,Medium,13956.02
DRV00307,53,30,66.9,2,6.5,75.7,3.5,0,0,92,Low,4573.14
DRV00308,24,1,29.9,6,4.2,45.8,1.9,1,1,61,Medium,12826.63
DRV00309,56,27,68.6,1,4.1,57.9,14.5,3,0,70,Medium,11173.99
DRV00310,49,28,89.1,10,3.3,51.1,21.0,1,1,39,High,16970.21
DRV00311,59,0,64.7,1,2.5,46.4,8.0,0,1,80,Low,8151.8
DRV00312,64,35,70.7,13,1.8,36.7,4.4,0,0,70,Medium,10230.32
DRV00313,22,4,47.4,6,7.5,103.9,16.1,0,1,54,Medium,12008.96
DRV00314,47,21,37.4,0,4.4,55.8,15.3,0,3,65,High,17025.1
DRV00315,34,7,54.3,5,2.2,71.6,4.1,0,0,89,Low,7282.04
DRV00316,30,7,57.1,1,1.8,30.5,25.5,0,1,76,Low,8256.79
DRV00317,60,31,37.5,3,0.5,21.2,13.3,4,2,53,Medium,14288.73
DRV00318,66,32,55.9,3,0.6,64.7,9.5,0,0,99,Low,5191.2
DRV00319,25,7,57.2,4,2.4,50.9,7.2,0,0,85,Low,7830.78
DRV00320,39,11,64.8,2,6.1,71.1,7.9,0,3,50,High,16884.34
DRV00321,64,17,64.8,7,1.4,19.2,18.2,0,0,85,Low,7016.92
DRV00322,58,33,44.4,2,1.7,43.6,3.9,0,2,89,Medium,11752.4
DRV00323,34,11,44.9,6,2.2,71.6,7.0,1,0,75,Low,6641.54
DRV00324,67,18,43.3,2,5.8,76.3,7.6,1,0,87,Low,7185.9
DRV00325,39,13,43.9,7,0.7,25.0,4.9,0,0,86,Low,5736.29
DRV00326,46,24,67.9,3,5.6,30.7,2.4,0,0,93,Low,5261.77
DRV00327,19,1,25,0,4.2,36.0,5.0,0,0,86,Low,7553.12
DRV00328,20,2,35.9,7,3.0,89.8,3.4,0,1,60,Medium,13058.53
DRV00329,54,27,35.4,1,2.2,43.0,22.6,0,0,94,Low,5818.49
DRV00330,70,48,66.5,2,0.2,30.0,0.7,0,0,100,Low,5001.34
DRV00331,44,17,46.8,5,4.5,55.0,4.8,1,0,82,Low,6036.51
DRV00332,62,43,54.8,3,1.8,82.4,2.2,0,0,96,Low,5503.5
DRV00333,49,12,54.1,13,0.4,60.5,5.8,0,0,74,Medium,10398.05
DRV00334,31,5,33.4,2,2.4,68.2,5.6,0,0,93,Low,6339.56
DRV00335,42,0,77.7,1,6.5,76.5,9.1,0,4,24,High,20683.16
DRV00336,37,10,72.0,5,3.6,80.5,9.6,0,0,71,Medium,9100.47
DRV00337,33,13,53.6,1,1.0,61.0,21.0,0,0,95,Low,6026.93
DRV00338,23,5,30.8,23,4.3,10.4,14.1,1,0,25,High,19340.65
DRV00339,68,41,59.2,2,1.4,5,7.1,2,0,85,Medium,10459.9
DRV00340,62,31,61.8,1,5.7,62.3,25.1,0,0,86,Low,6525.84
DRV00341,34,11,31.5,2,5.7,59.8,13.3,1,0,86,Low,7606.85
DRV00342,70,24,66.9,5,1.2,81.8,8.1,0,1,91,Low,7279.36
DRV00343,29,0,63.5,0,3.8,74.4,14.6,1,0,71,Medium,12057.49
DRV00344,22,0,67.9,2,3.7,41.0,8.2,1,2,52,Medium,14716.22
DRV00345,22,2,67.8,2,0.9,55.9,7.6,1,0,85,Low,7792.56
DRV00346,53,26,57.3,3,4.9,7.1,8.4,1,0,79,Low,6524.58
DRV00347,52,28,89.6,3,2.6,27.0,5.2,0,0,85,Low,5930.09
DRV00348,46,14,58.3,0,1.1,47.9,0.6,0,0,100,Low,3869.46
DRV00349,70,17,74.7,3,3.8,34.0,9.1,0,2,65,Medium,12378.44
DRV00350,37,2,39.2,0,0.8,34.7,9.6,2,1,71,Medium,12782.36
DRV00351,59,19,86.3,1,6.6,58.1,6.7,0,3,56,High,18316.7
DRV00352,65,41,79.5,4,4.4,5,10.6,0,0,79,Low,6126.46
DRV00353,61,25,84.3,3,0.8,40.7,6.8,1,0,83,Low,7218.35
DRV00354,45,24,49.3,2,1.4,9.5,11.8,6,0,58,Medium,13835.31
DRV00355,45,10,49.6,0,2.6,19.2,4.3,1,1,84,Low,8102.12
DRV00356,70,51,49.6,0,2.4,52.8,1.9,2,2,74,Medium,12513.55
DRV00357,62,7,51.9,1,5.9,73.5,11.1,0,1,80,Low,7963.03
DRV00358,60,1,33.1,2,1.7,84.5,4.5,0,0,91,Low,6876.48
DRV00359,60,17,39.6,1,0.9,5,16.8,0,1,90,Low,6948.88
DRV00360,47,17,61.0,1,3.4,45.8,7.8,0,0,95,Low,5166.91
DRV00361,50,17,66.5,8,10,16.9,1.3,0,0,72,Medium,9710.25
DRV00362,23,5,28.0,3,4.3,89.2,5.1,3,2,41,High,19956.58
DRV00363,31,10,70.9,6,5.3,70.9,3.4,4,0,54,Medium,12745.33
DRV00364,38,2,25,0,2.1,27.4,17.6,2,0,70,Medium,12319.06
DRV00365,70,40,69.7,6,0.9,40.2,19.6,0,0,83,Low,6515.47
DRV00366,61,1,42.5,2,3.2,76.3,16.9,2,0,67,Medium,12724.08
DRV00367,20,1,58.3,1,2.6,43.8,2.2,4,2,40,High,20506.2
DRV00368,47,28,58.3,0,5.8,72.4,6.3,1,1,73,Medium,10846.68
DRV00369,68,2,40.6,7,0.5,44.6,10.4,1,0,65,Medium,11698.84
DRV00370,21,1,53.9,1,7.9,71.4,8.3,0,0,81,Low,8639.81
DRV00371,46,2,56.7,6,1.1,36.4,8.9,0,1,71,Medium,12664.19
DRV00372,34,10,45.5,6,1.0,5,7.2,0,1,67,Medium,11080.56
DRV00373,42,17,38.0,9,3.7,76.0,3.7,0,1,67,Medium,11231.41
DRV00374,67,28,55.6,9,3.2,62.7,22.9,0,0,70,Medium,9950.27
DRV00375,46,2,56.5,8,1.8,46.4,4.2,0,0,81,Low,7654.28
DRV00376,56,19,54.7,0,1.9,57.0,16.3,0,3,70,High,16414.37
DRV00377,20,0,59.6,9,7.7,27.0,9.3,2,0,40,High,18328.36
DRV00378,31,9,77.5,15,3.4,59.2,17.5,1,1,21,High,18410.44
DRV00379,34,16,38.1,10,4.2,32.7,17.7,1,2,42,High,18117.44
DRV00380,30,0,71.2,6,5.8,66.2,13.1,0,0,62,Medium,11463.14
DRV00381,58,12,53.5,0,2.0,30.9,6.7,0,3,72,High,16614.1
DRV00382,39,21,40.0,0,1.1,51.6,9.1,2,0,96,Medium,9169.45
DRV00383,21,2,35.9,3,0.3,33.7,6.7,1,0,87,Low,8803.5
DRV00384,39,12,36.5,3,2.5,15.1,29.2,1,0,77,Low,7504.83
DRV00385,49,15,37.2,1,3.4,80.6,7.4,0,0,89,Low,5354.95
DRV00386,50,9,71.3,5,3.4,98.6,3.6,1,3,42,High,18442.84
DRV00387,64,2,33.5,2,0.1,57.6,15.7,0,0,92,Low,7219.2
DRV00388,60,19,84.7,4,1.5,53.7,5.9,1,1,69,Medium,11993.1
DRV00389,25,0,77.8,0,3.5,40.0,5.6,1,0,76,Low,8553.26
DRV00390,39,17,50.1,2,4.9,52.4,1.9,0,1,79,Low,6275.54
DRV00391,62,28,47.7,6,5.4,34.1,10.8,1,0,80,Low,7641.97
DRV00392,62,29,69.3,4,6.4,59.9,7.2,2,0,71,Medium,10699.28
DRV00393,49,1,65.2,2,2.2,52.7,10.2,1,0,75,Low,7867.59
DRV00394,37,17,37.3,1,1.7,55.8,9.6,0,1,80,Low,7134.2
DRV00395,54,21,46.7,4,0.8,43.1,11.9,0,0,89,Low,5381.43
DRV00396,29,4,63.8,0,7.5,45.5,7.5,1,0,77,Low,6850.62
DRV00397,66,40,67.9,4,2.9,10.4,13.1,0,2,65,Medium,12759.17
DRV00398,61,19,90.8,5,10,20.4,12.1,0,2,40,High,17529.75
DRV00399,53,3,78.5,15,1.0,48.2,1.4,0,1,44,High,16810.61
DRV00400,45,17,60.4,0,3.6,62.4,7.2,0,2,80,Medium,11427.53
DRV00401,59,1,78.6,4,1.1,87.2,28.5,1,3,24,High,20147.26
DRV00402,45,17,64.7,1,2.7,26.6,10.0,1,0,94,Low,5897.69
DRV00403,20,0,35.3,0,3.1,32.4,3.5,4,4,24,High,22674.91
DRV00404,23,4,63.3,2,5.9,41.4,2.4,1,0,79,Low,8043.06
DRV00405,67,0,39.2,2,5.7,53.6,6.0,2,1,55,Medium,13191.92
DRV00406,21,3,39.6,4,1.9,33.2,1.3,0,0,88,Low,6976.79
DRV00407,57,17,56.1,5,4.1,66.3,18.2,0,0,81,Low,5982.11
DRV00408,29,8,67.5,0,1.1,31.2,3.7,5,1,53,Medium,14807.74
DRV00409,58,10,64.3,1,4.5,85.9,3.1,0,0,91,Low,5180.4
DRV00410,52,14,39.8,2,1.1,73.7,0.8,0,1,98,Low,6328.42
DRV00411,20,0,77.8,12,2.7,31.1,5.6,1,0,48,High,16812.33
DRV00412,64,43,49.1,1,5.1,39.6,11.2,1,0,89,Low,6539.68
DRV00413,46,11,60.5,0,8.2,67.2,13.9,0,2,66,Medium,12980.66
DRV00414,59,36,61.4,0,1.4,33.5,14.7,0,4,63,High,17350.22
DRV00415,60,20,56.7,1,0.7,89.8,2.2,0,0,100,Low,4787.68
DRV00416,52,27,62.5,9,0.7,81.8,5.3,2,0,67,Medium,10224.95
DRV00417,60,24,55.4,9,3.8,85.0,8.6,1,1,62,Medium,11965.19
DRV00418,62,30,72.3,19,2.1,68.5,1.9,1,0,52,Medium,11269.36
DRV00419,47,24,60.4,0,0.5,13.5,4.3,2,1,85,Medium,11344.19
DRV00420,58,28,57.2,0,5.5,34.9,9.8,0,0,89,Low,5357.3
DRV00421,46,0,63.3,6,0.5,49.9,22.8,0,1,62,Medium,12686.08
DRV00422,55,14,61.9,0,4.6,45.0,16.4,0,0,87,Low,6556.86
DRV00423,47,19,68.2,6,0.9,76.2,22.6,1,4,32,High,19387.47
DRV00424,61,36,44.5,13,1.3,42.0,5.7,0,0,78,Low,6865.74
DRV00425,55,2,76.9,4,2.4,79.6,0.6,1,1,60,Medium,13514.31
DRV00426,68,49,49.8,0,1.8,49.9,5.1,1,1,89,Low,6485.96
DRV00427,23,5,64.3,2,3.7,30.0,13.2,4,0,48,High,17858.15
DRV00428,31,4,65.4,0,8.5,51.8,9.9,2,0,60,Medium,12363.15
DRV00429,34,10,33.0,2,3.5,14.2,1.3,0,0,89,Low,6101.51
DRV00430,44,6,57.4,1,1.0,5,5.1,0,2,82,Medium,12530.52
DRV00431,21,3,80.5,2,2.5,91.5,17.2,4,0,49,High,19147.19
DRV00432,21,2,78.4,2,1.3,83.5,21.5,1,0,74,Medium,12307.0
DRV00433,23,3,69.5,21,4.0,26.2,5.8,1,0,26,High,18277.91
DRV00434,55,9,87.3,2,0.5,21.5,17.9,0,0,80,Low,6468.79
DRV00435,24,3,51.3,5,5.1,48.3,4.8,0,4,42,High,20325.31
DRV00436,28,7,74.6,0,2.9,17.0,21.5,0,1,71,Medium,11547.76
DRV00437,62,21,44.8,5,5.2,44.1,11.9,1,1,62,Medium,12630.58
DRV00438,50,23,63.9,1,4.2,40.5,4.1,0,1,91,Low,7862.43
DRV00439,33,3,42.5,5,9.6,16.4,19.0,0,2,34,High,18364.0
DRV00440,21,0,45.8,2,8.0,66.9,10.8,2,0,54,Medium,13805.93
DRV00441,62,4,70.5,0,2.5,94.1,3.9,0,0,93,Low,7468.26
DRV00442,19,1,37.0,10,3.0,66.2,22.4,0,0,53,Medium,12489.1
DRV00443,68,20,34.4,3,3.6,51.1,11.7,0,1,83,Low,7520.8
DRV00444,36,1,65.8,12,4.2,63.8,10.9,0,1,50,Medium,12929.45
DRV00445,28,3,95.8,3,2.8,99.3,4.6,1,3,36,High,20617.49
DRV00446,28,8,46.5,2,3.2,99.2,9.1,0,1,82,Low,7623.57
DRV00447,63,18,44.9,11,1.2,51.2,15.8,2,0,58,Medium,11557.07
DRV00448,43,19,67.4,0,0.6,26.1,12.1,3,0,86,Medium,11009.94
DRV00449,46,21,54.8,2,1.4,39.0,12.8,2,0,90,Medium,11221.7
DRV00450,41,12,48.9,1,0.8,62.1,8.8,1,0,96,Low,5190.51
DRV00451,45,23,65.0,3,0.8,40.0,9.4,4,0,76,Medium,11776.12
DRV00452,23,0,28.1,2,3.6,76.7,4.3,0,0,88,Low,6744.51
DRV00453,37,15,41.4,0,3.0,38.3,9.8,0,0,96,Low,6740.12
DRV00454,22,4,57.4,3,9.5,16.4,9.5,0,0,63,Medium,11051.02
DRV00455,28,9,71.1,8,1.1,55.6,5.7,2,0,61,Medium,12262.6
DRV00456,22,4,65.8,5,4.0,79.7,6.5,2,1,51,Medium,14580.96
DRV00457,41,3,43.5,0,1.1,43.2,20.7,2,0,75,Medium,12485.02
DRV00458,30,12,75.6,7,3.4,28.1,11.3,0,0,77,Low,7235.91
DRV00459,19,1,43.8,0,2.8,78.0,10.5,0,0,89,Low,7439.94
DRV00460,26,2,52.8,0,0.3,29.0,8.5,0,1,82,Low,7607.87
DRV00461,34,1,79.7,5,6.7,62.4,4.6,0,0,69,Medium,12150.38
DRV00462,35,11,39.2,6,4.2,85.8,2.2,1,0,74,Medium,9468.11
DRV00463,28,8,83.7,10,3.0,49.0,4.3,0,2,46,High,17822.07
DRV00464,50,14,35.4,1,3.0,70.3,9.9,0,1,90,Low,7112.2
DRV00465,42,9,32.8,4,2.6,58.5,8.5,2,1,66,Medium,12567.07
DRV00466,18,0,50.4,2,4.9,26.7,7.8,4,1,44,High,19843.32
DRV00467,41,6,46.6,18,1.0,75.4,17.5,1,1,31,High,18981.58
DRV00468,59,25,43.3,11,1.2,76.0,3.2,0,3,60,High,17773.36
DRV00469,22,3,39.3,1,4.9,5,13.3,0,1,72,Medium,11557.17
DRV00470,30,4,48.3,1,2.2,24.3,11.1,0,0,93,Low,6502.61
DRV00471,38,12,53.9,0,4.7,50.3,8.5,0,1,79,Low,6860.54
DRV00472,53,34,41.7,7,3.2,36.0,9.9,1,0,81,Low,6873.18
DRV00473,19,0,68.6,6,3.9,64.5,13.4,0,4,25,High,21486.14
DRV00474,33,7,59.3,0,5.1,68.7,3.1,0,0,90,Low,5827.51
DRV00475,50,26,55.4,3,2.5,84.8,15.3,0,1,80,Low,7642.31
DRV00476,41,13,64.8,14,0.8,80.5,4.7,0,0,71,Medium,9759.7
DRV00477,23,5,62.0,1,0.7,39.1,9.4,1,1,74,Medium,13018.5
DRV00478,45,21,47.6,2,4.3,44.0,1.0,2,0,88,Medium,11482.54
DRV00479,65,29,55.4,6,8.8,82.0,2.0,0,0,79,Low,5519.15
DRV00480,45,13,45.4,0,1.5,89.1,24.4,0,1,81,Low,7346.59
DRV00481,30,0,58.8,2,3.7,93.0,3.8,0,1,74,Medium,11769.74
DRV00482,20,2,54.8,7,0.8,48.4,29.5,0,0,66,Medium,12112.82
DRV00483,64,8,59.8,2,1.0,79.1,12.1,0,0,96,Low,6620.74
DRV00484,67,20,47.9,1,6.0,75.9,8.4,0,3,61,High,17180.8
DRV00485,55,3,42.5,11,2.1,49.4,15.6,2,3,20,High,21630.67
DRV00486,70,19,99.4,3,8.4,56.3,11.3,3,0,43,High,17070.78
DRV00487,33,14,31.2,1,0.8,81.9,5.1,2,2,63,Medium,12113.02
DRV00488,67,41,54.5,8,7.8,51.5,9.4,2,1,54,Medium,12404.38
DRV00489,70,10,52.0,1,4.1,21.0,18.2,0,0,82,Low,5928.75
DRV00490,68,41,68.6,3,2.0,66.3,3.8,3,2,56,Medium,12857.47
DRV00491,61,26,61.7,2,5.8,27.7,15.8,1,0,78,Low,6906.94
DRV00492,42,18,64.2,10,4.5,105.6,37.2,0,1,48,High,16808.45
DRV00493,45,19,57.6,1,5.5,58.3,15.2,1,0,88,Low,5997.45
DRV00494,36,15,45.5,0,1.5,65.2,17.6,0,1,98,Low,6973.35
DRV00495,33,14,70.8,4,2.9,35.3,3.4,1,1,69,Medium,10579.97
DRV00496,65,38,57.7,0,2.1,58.7,37.6,3,3,32,High,19424.85
DRV00497,20,0,57.5,1,2.5,81.4,12.1,0,3,57,High,19071.03
DRV00498,38,16,46.7,1,2.3,55.6,24.9,0,0,93,Low,6532.61
DRV00499,49,9,25,4,2.8,29.4,1.9,0,0,88,Low,6263.82
DRV00500,49,2,25,3,2.9,73.8,17.2,0,0,77,Low,8319.18
DRV00501,65,32,67.1,4,1.5,20.3,0.4,0,2,78,Medium,11958.12
DRV00502,24,2,81.9,4,2.5,53.9,3.7,1,1,48,High,17689.15
DRV00503,56,0,55.7,3,2.9,54.3,29.0,0,1,60,Medium,12366.57
DRV00504,56,24,68.3,1,6.4,58.1,1.1,0,0,87,Low,4544.82
DRV00505,27,1,49.4,5,10,89.1,12.7,0,0,61,Medium,12290.69
DRV00506,42,15,55.5,0,2.7,80.3,4.3,0,0,100,Low,4976.93
DRV00507,59,9,75.8,4,0.8,35.6,2.4,0,4,45,High,18667.99
DRV00508,33,13,56.6,0,0.5,55.2,8.4,1,0,96,Low,6378.41
DRV00509,23,4,84.1,2,6.8,52.0,1.7,1,0,63,Medium,11355.13
DRV00510,46,19,63.2,10,0.8,27.5,5.5,0,0,83,Low,6205.43
DRV00511,59,30,42.2,4,5.9,54.1,6.2,1,1,77,Low,7824.98
DRV00512,69,19,65.3,0,7.6,54.8,9.6,0,2,72,Medium,11380.26
DRV00513,23,2,59.1,2,1.0,34.5,18.2,0,0,82,Low,7616.92
DRV00514,36,18,65.6,1,0.9,27.0,8.5,0,0,99,Low,3537.05
DRV00515,20,1,42.5,5,3.8,65.0,5.6,2,0,59,Medium,12637.91
DRV00516,46,22,49.3,5,3.0,53.6,10.2,1,2,67,Medium,12206.69
DRV00517,47,4,77.0,1,2.6,22.2,14.4,0,3,50,High,18858.37
DRV00518,62,5,53.8,0,4.1,37.1,8.2,0,0,91,Low,6581.86
DRV00519,34,11,53.6,7,3.2,34.7,6.8,0,0,67,Medium,10170.08
DRV00520,68,22,61.3,3,10,7.2,12.9,0,0,75,Low,6400.27
DRV00521,25,3,65.9,1,2.8,40.6,14.2,0,2,59,Medium,13377.32
DRV00522,67,0,58.9,1,3.2,91.7,7.4,0,1,80,Low,9084.05
DRV00523,44,25,61.9,2,2.6,90.8,27.5,0,0,88,Low,6186.7
DRV00524,69,33,64.3,1,0.7,44.5,14.7,2,0,82,Medium,9869.77
DRV00525,60,33,74.4,8,5.2,43.7,17.3,0,2,52,Medium,12674.34
DRV00526,27,6,47.8,3,6.8,53.4,16.2,1,0,67,Medium,11932.75
DRV00527,20,2,45.0,5,1.0,81.3,5.9,0,0,84,Low,7463.82
DRV00528,19,1,59.5,5,0.7,89.3,13.5,0,1,72,Medium,13243.38
DRV00529,65,0,25,6,3.5,67.9,7.0,1,1,54,Medium,12696.66
DRV00530,51,15,73.2,0,6.6,65.8,3.6,0,0,86,Low,5674.77
DRV00531,31,7,79.2,2,3.7,65.0,13.8,1,3,38,High,18814.07
DRV00532,28,2,39.6,2,3.4,47.0,9.0,0,0,86,Low,7016.86
DRV00533,44,3,73.1,0,1.2,69.5,9.7,0,1,86,Low,8313.3
DRV00534,36,6,68.7,0,3.6,83.9,1.7,0,0,89,Low,6534.25
DRV00535,64,38,63.9,4,6.3,57.7,3.7,0,1,74,Medium,10359.14
DRV00536,43,10,25,8,5.8,32.6,29.4,0,1,48,High,16051.21
DRV00537,25,1,65.9,3,0.6,79.2,4.3,2,0,75,Medium,11930.05
DRV00538,19,1,60.7,4,7.3,30.5,7.9,2,0,52,Medium,13640.39
DRV00539,51,20,52.8,15,3.5,55.1,4.2,0,3,37,High,18223.3
DRV00540,38,5,63.5,1,2.1,49.4,6.5,1,0,86,Low,7903.9
DRV00541,55,15,31.3,1,2.9,49.8,9.6,0,2,75,Medium,12672.32
DRV00542,61,6,58.5,6,2.0,78.5,2.5,0,3,46,High,19101.13
DRV00543,68,15,41.7,9,2.9,42.1,6.0,0,3,44,High,17721.51
DRV00544,61,24,88.8,0,1.2,47.8,2.2,1,2,68,Medium,10951.6
DRV00545,45,6,27.1,1,5.0,9.4,5.5,0,0,91,Low,6495.84
DRV00546,47,19,41.2,0,1.3,94.8,16.2,0,0,100,Low,4925.49
DRV00547,52,1,81.0,2,1.0,20.4,7.5,0,2,64,Medium,12373.02
DRV00548,25,7,50.8,0,5.9,59.4,15.5,0,1,68,Medium,11049.15
DRV00549,32,3,99.5,0,3.1,40.2,3.0,0,0,78,Low,8548.81
DRV00550,61,43,50.1,3,10,39.0,5.7,0,3,49,High,17001.26
DRV00551,61,35,58.7,2,4.9,47.0,3.2,0,0,100,Low,5682.82
DRV00552,21,2,75.2,1,2.5,33.5,31.6,5,0,31,High,18616.94
DRV00553,33,6,65.1,3,0.9,65.8,22.9,1,0,73,Medium,11486.85
DRV00554,33,10,72.7,2,1.6,9.3,12.6,0,0,94,Low,7112.45
DRV00555,20,1,46.0,0,1.1,90.9,8.7,1,0,84,Low,7583.38
DRV00556,36,12,39.9,2,9.3,67.3,13.4,0,0,74,Medium,9966.27
DRV00557,59,1,44.3,0,0.9,54.1,2.2,0,0,95,Low,6276.15
DRV00558,44,15,55.2,1,2.0,22.3,6.3,1,0,92,Low,6358.18
DRV00559,41,0,34.7,0,1.6,44.1,11.5,0,3,58,High,18215.46
DRV00560,22,2,64.8,4,3.0,73.3,27.5,0,0,67,Medium,12035.12
DRV00561,68,2,25,4,5.1,49.4,4.7,1,1,62,Medium,12506.78
DRV00562,43,5,58.9,0,2.3,45.5,3.5,1,2,63,Medium,14023.46
DRV00563,30,3,55.6,1,1.3,64.5,5.2,0,0,100,Low,7064.88
DRV00564,26,6,39.3,1,1.5,6.7,7.3,0,0,96,Low,5692.17
DRV00565,45,22,66.2,10,2.4,53.4,12.6,0,0,73,Medium,9863.88
DRV00566,52,18,61.5,0,7.0,27.3,27.4,2,0,71,Medium,11538.99
DRV00567,60,39,75.5,5,4.5,59.3,10.0,0,0,77,Low,5632.75
DRV00568,49,30,56.1,10,3.9,72.1,4.8,2,0,62,Medium,12303.78
DRV00569,54,10,72.2,3,1.1,38.8,8.8,0,0,84,Low,5839.43
DRV00570,47,13,33.7,1,2.4,71.5,5.0,0,0,100,Low,5003.88
DRV00571,59,5,66.2,0,1.4,5,6.6,1,1,76,Low,9007.06
DRV00572,26,8,59.8,1,7.7,46.4,8.0,0,1,67,Medium,11531.41
DRV00573,66,9,65.6,5,1.5,35.1,12.3,0,1,71,Medium,11543.32
DRV00574,30,6,61.1,0,2.8,11.2,7.4,0,3,71,High,17746.78
DRV00575,40,10,60.6,5,6.3,73.0,6.1,0,0,85,Low,7629.17
DRV00576,39,18,43.1,3,9.4,24.2,4.6,0,0,86,Low,6437.97
DRV00577,46,20,63.6,0,3.6,41.5,15.8,0,0,99,Low,5494.9
DRV00578,32,4,54.7,0,3.3,40.3,3.8,0,0,100,Low,6922.68
DRV00579,31,2,67.5,6,4.8,33.0,11.9,0,1,54,Medium,12701.5
DRV00580,27,7,72.9,6,3.4,57.5,11.9,0,2,45,High,17521.9
DRV00581,63,19,34.9,7,2.6,76.3,13.2,0,1,73,Medium,10846.8
DRV00582,62,2,60.1,1,4.3,96.4,17.4,0,4,27,High,19597.47
DRV00583,22,0,30.2,2,1.3,46.8,13.9,0,0,83,Low,7894.29
DRV00584,20,0,57.9,0,4.8,85.7,9.1,1,1,63,Medium,13567.49
DRV00585,35,5,59.5,0,1.9,52.0,7.7,1,1,80,Low,8742.82
DRV00586,31,11,81.4,0,5.2,55.7,23.2,1,2,44,High,18068.1
DRV00587,21,0,72.9,0,1.7,55.0,24.0,0,3,53,High,19985.29
DRV00588,60,10,57.2,2,4.3,40.9,8.5,0,0,94,Low,6286.13
DRV00589,18,0,60.6,4,1.8,64.5,1.7,0,1,63,Medium,12768.99
DRV00590,63,34,67.3,3,1.7,5,6.5,0,2,76,Medium,11304.59
DRV00591,29,10,59.8,15,4.8,11.5,1.0,0,0,60,Medium,10532.03
DRV00592,63,0,60.4,9,2.0,81.0,19.3,0,0,63,Medium,12183.03
DRV00593,31,10,93.2,3,2.1,60.8,14.1,0,3,40,High,18491.43
DRV00594,19,0,66.2,1,3.5,30.3,14.9,1,1,59,Medium,13393.4
DRV00595,38,5,56.4,8,0.7,48.9,13.7,0,0,69,Medium,10439.14
DRV00596,31,3,41.2,2,1.3,46.8,8.4,0,0,93,Low,6725.02
DRV00597,68,30,95.6,2,1.3,79.0,10.1,1,1,68,Medium,12023.73
DRV00598,42,13,74.4,10,4.0,15.9,17.6,0,0,56,Medium,11247.68
DRV00599,22,2,69.8,0,3.2,68.4,9.8,3,3,30,High,21294.92
DRV00600,59,37,88.0,19,1.0,69.6,3.9,3,1,20,High,18652.46
DRV00601,63,31,47.9,0,2.4,30.8,5.3,2,0,91,Medium,9999.96
DRV00602,60,41,71.1,11,1.2,74.2,12.0,0,0,79,Low,6981.14
DRV00603,42,12,46.2,0,10,5,3.9,1,0,69,Medium,10153.24
DRV00604,55,19,55.3,10,3.8,8.1,4.6,1,0,74,Medium,11109.8
DRV00605,24,0,60.5,2,1.9,23.3,4.1,0,0,87,Low,7241.15
DRV00606,54,13,60.2,0,6.2,55.7,13.5,2,0,73,Medium,11393.33
DRV00607,35,2,46.4,2,4.9,74.7,2.1,0,1,77,Low,8293.13
DRV00608,51,0,44.2,13,1.8,68.5,19.3,0,1,42,High,18021.05
DRV00609,33,11,50.1,0,2.3,27.8,2.8,1,1,86,Low,7373.84
DRV00610,56,7,66.8,4,4.2,33.8,9.4,0,4,45,High,19333.96
DRV00611,19,1,87.6,5,4.9,5,9.6,1,0,62,Medium,13067.29
DRV00612,48,21,79.6,5,1.9,7.3,3.6,0,2,65,Medium,12125.46
DRV00613,68,5,50.4,3,2.8,82.0,14.8,0,1,71,Medium,11666.8
DRV00614,45,22,94.2,1,2.4,58.1,17.2,3,1,46,High,16901.44
DRV00615,58,31,78.7,8,4.1,67.8,7.5,1,0,63,Medium,10477.21
DRV00616,45,25,59.3,1,1.0,66.5,12.4,3,0,84,Medium,11371.03
DRV00617,42,18,56.9,3,1.4,27.4,8.4,1,3,65,High,18101.3
DRV00618,55,14,59.7,7,2.0,50.0,6.1,1,0,77,Low,7536.86
DRV00619,69,44,71.7,2,5.1,52.5,26.9,1,0,68,Medium,11799.23
DRV00620,21,2,72.6,7,5.8,79.2,20.5,1,0,51,Medium,12267.49
DRV00621,28,0,44.1,4,2.5,41.5,5.8,0,2,60,Medium,13655.23
DRV00622,66,37,61.6,10,2.0,42.0,12.0,0,2,60,Medium,13384.46
DRV00623,30,11,49.2,7,0.9,29.5,7.1,3,0,60,Medium,12060.7
DRV00624,45,4,46.6,0,1.6,30.5,15.8,1,0,81,Low,6722.4
DRV00625,60,5,63.5,4,1.8,5,7.3,0,0,82,Low,6331.5
DRV00626,19,1,54.1,6,1.3,87.3,14.1,0,0,84,Low,8761.73
DRV00627,68,34,69.7,0,3.6,88.3,23.3,0,1,77,Low,6368.57
DRV00628,25,3,91.4,0,4.0,37.0,11.4,0,0,74,Medium,11713.86
DRV00629,53,16,60.5,15,3.2,42.9,11.1,3,0,38,High,17963.5
DRV00630,51,18,48.6,3,5.1,26.1,10.9,0,1,78,Low,7495.35
DRV00631,37,6,79.0,0,2.3,39.4,13.3,0,0,87,Low,6597.0
DRV00632,23,2,41.1,0,1.5,5,5.6,1,1,73,Medium,12169.78
DRV00633,50,10,49.9,19,2.7,54.7,12.7,0,0,47,High,15723.28
DRV00634,58,5,48.6,1,0.2,64.4,2.9,0,1,86,Low,8224.71
DRV00635,49,6,33.6,8,3.6,41.3,6.9,3,0,46,High,16565.75
DRV00636,48,18,59.5,2,1.2,50.4,7.5,0,1,97,Low,6498.9
DRV00637,33,13,55.3,17,7.1,33.3,5.7,3,2,20,High,19814.78
DRV00638,23,2,46.5,0,0.8,59.5,2.0,0,0,100,Low,5866.97
DRV00639,45,21,32.1,2,3.3,45.9,8.0,2,1,72,Medium,11135.67
DRV00640,65,22,59.0,12,7.8,87.3,10.7,1,3,21,High,18536.38
DRV00641,51,14,65.0,0,2.3,68.4,9.9,3,0,73,Medium,10352.95
DRV00642,67,7,53.4,1,0.1,74.7,7.8,2,3,46,High,18868.46
DRV00643,47,28,44.3,1,4.2,29.3,7.1,0,0,96,Low,5422.2
DRV00644,25,7,85.4,1,3.0,49.8,7.3,0,0,86,Low,7046.39
DRV00645,46,5,74.9,0,10,78.6,3.0,0,0,73,Medium,10726.33
DRV00646,60,12,96.4,16,1.0,28.6,9.9,0,1,37,High,16960.03
DRV00647,64,24,85.3,6,1.0,92.4,0.8,0,2,61,Medium,12591.01
DRV00648,18,0,45.1,0,2.7,50.4,17.7,0,0,84,Low,8821.0
DRV00649,60,27,66.0,6,5.2,83.6,4.2,0,1,73,Medium,11075.44
DRV00650,20,1,94.7,2,4.2,44.7,1.8,0,1,60,Medium,13951.5
DRV00651,48,1,35.1,1,1.8,45.9,7.0,0,0,92,Low,6944.7
DRV00652,65,20,62.3,9,0.9,74.4,6.2,0,0,88,Low,5770.76
DRV00653,65,23,57.1,3,1.6,16.0,12.2,0,1,86,Low,6855.48
DRV00654,59,12,64.1,0,2.0,72.4,19.5,0,0,86,Low,6269.18
DRV00655,66,35,91.5,2,5.5,40.1,2.2,2,0,73,Medium,11563.15
DRV00656,62,8,48.1,0,7.5,106.1,10.8,0,0,78,Low,6560.32
DRV00657,42,12,49.5,0,3.8,37.8,0.7,0,0,99,Low,5081.03
DRV00658,32,4,52.7,0,0.6,18.6,1.6,2,2,66,Medium,14514.1
DRV00659,59,15,69.0,0,4.6,46.9,5.5,2,0,85,Medium,10245.62
DRV00660,18,0,66.0,0,6.0,109.0,14.4,1,0,70,Medium,12261.22
DRV00661,35,6,32.7,5,1.2,26.6,17.6,2,0,67,Medium,12364.94
DRV00662,29,3,25,0,1.9,23.6,32.5,1,0,76,Low,8568.69
DRV00663,47,29,48.1,5,1.1,28.7,7.6,0,2,77,Medium,11670.47
DRV00664,67,5,53.8,3,6.9,104.3,23.8,0,0,68,Medium,10268.35
DRV00665,70,10,51.6,1,3.5,73.6,11.1,0,0,97,Low,6689.63
DRV00666,44,4,69.4,1,2.4,48.1,5.9,1,1,69,Medium,11171.29
DRV00667,49,10,69.4,12,1.9,47.0,6.7,2,0,54,Medium,12211.91
DRV00668,45,16,52.9,2,4.3,61.1,10.0,0,2,74,Medium,11019.16
DRV00669,27,2,51.2,5,6.8,69.6,2.2,3,0,63,Medium,14081.21
DRV00670,29,6,46.8,2,4.4,70.4,7.6,0,0,83,Low,6610.56
DRV00671,23,4,53.7,5,0.8,19.3,4.5,0,0,88,Low,7300.13
DRV00672,40,11,76.7,6,1.9,8.8,27.6,2,0,53,Medium,12207.16
DRV00673,26,1,82.3,1,0.4,39.2,7.4,1,0,81,Low,7320.01
DRV00674,19,0,53.7,0,3.8,55.3,3.7,1,1,72,Medium,12821.61
DRV00675,44,23,43.4,4,1.9,83.7,18.9,0,2,66,Medium,11280.8
DRV00676,53,16,74.5,4,2.7,34.2,4.7,0,0,86,Low,5211.86
DRV00677,22,3,35.0,2,2.4,52.9,7.4,0,0,83,Low,7829.44
DRV00678,39,0,58.6,0,1.4,62.3,5.1,0,0,99,Low,6766.4
DRV00679,21,2,69.5,15,6.1,59.4,10.0,0,0,46,High,17421.28
DRV00680,39,13,73.1,2,7.0,30.8,3.9,0,1,74,Medium,10790.12
DRV00681,31,12,54.3,5,3.4,36.0,8.9,0,1,75,Low,7526.57
DRV00682,63,43,49.7,3,0.8,58.7,13.5,1,0,94,Low,5939.05
DRV00683,69,50,72.9,2,1.3,30.7,2.2,0,0,98,Low,4776.81
DRV00684,48,8,59.4,10,10,22.2,9.7,0,0,50,Medium,11016.22
DRV00685,46,11,35.7,1,0.8,45.4,8.9,5,0,65,Medium,12912.2
DRV00686,68,15,51.6,0,0.9,18.7,11.8,0,2,80,Medium,10931.46
DRV00687,47,20,29.2,0,1.3,38.3,8.6,0,0,100,Low,4930.02
DRV00688,65,30,71.3,3,1.5,65.4,2.1,1,3,61,High,17777.81
DRV00689,19,1,55.2,0,0.7,81.8,6.1,2,0,80,Medium,12017.61
DRV00690,21,0,71.4,13,1.9,32.4,10.9,3,0,37,High,18596.45
DRV00691,70,0,26.6,0,5.6,29.0,3.6,1,1,72,Medium,12024.93
DRV00692,18,0,87.7,2,2.1,14.1,15.2,1,4,30,High,22152.73
DRV00693,58,28,44.5,0,6.0,23.8,16.2,1,0,86,Low,6835.1
DRV00694,61,36,72.8,1,2.0,41.6,10.0,0,0,98,Low,5053.9
DRV00695,66,21,65.5,2,1.3,57.8,11.0,2,1,71,Medium,11885.52
DRV00696,57,6,87.0,0,4.6,46.7,8.1,1,2,54,Medium,14375.02
DRV00697,55,2,42.5,0,6.6,7.2,3.1,3,0,65,Medium,12225.63
DRV00698,70,41,50.5,0,2.4,10.2,5.9,0,2,87,Medium,10772.07
DRV00699,33,0,71.4,0,1.2,33.4,23.7,1,0,84,Low,7891.09
DRV00700,33,12,66.1,7,7.2,80.3,3.3,4,0,47,High,16852.81
DRV00701,45,7,81.3,2,4.4,73.3,26.4,0,0,69,Medium,11129.49
DRV00702,23,0,37.2,3,0.4,60.9,7.6,0,0,85,Low,7135.77
DRV00703,33,7,52.2,1,6.6,76.4,20.1,0,3,43,High,18021.41
DRV00704,55,6,86.1,0,1.1,83.3,4.2,2,2,54,Medium,14551.93
DRV00705,68,1,42.2,3,1.5,62.3,8.9,0,2,62,Medium,12750.56
DRV00706,20,0,108.4,2,4.2,36.5,3.8,2,0,49,High,18565.19
DRV00707,50,9,61.2,9,0.4,70.4,2.5,0,0,82,Low,6813.76
DRV00708,63,35,47.6,6,2.8,26.0,4.5,1,3,60,High,18455.5
DRV00709,55,19,63.5,5,2.7,62.1,12.5,0,0,85,Low,6186.59
DRV00710,40,11,81.7,2,10,21.4,5.4,1,2,46,High,17714.74
DRV00711,43,0,79.9,2,1.4,76.8,4.7,0,0,87,Low,7514.85
DRV00712,63,21,62.7,1,1.6,78.3,5.9,0,0,100,Low,4105.76
DRV00713,69,42,88.1,2,6.2,71.0,6.5,1,0,77,Low,7257.54
DRV00714,25,7,64.8,1,3.8,66.8,14.1,4,2,35,High,20655.35
DRV00715,43,1,86.4,0,4.5,15.3,2.7,1,0,70,Medium,11414.3
DRV00716,53,20,53.0,1,4.5,48.3,26.4,0,0,88,Low,5927.69
DRV00717,38,13,59.0,5,7.5,58.2,10.9,1,0,69,Medium,10753.38
DRV00718,21,2,70.7,3,1.3,57.7,9.1,2,1,65,Medium,13105.57
DRV00719,44,20,50.3,2,3.8,52.0,17.8,0,0,95,Low,6194.4
DRV00720,33,6,55.9,2,1.5,39.1,9.3,0,0,94,Low,5779.07
DRV00721,50,20,58.9,2,1.2,27.3,7.2,2,0,89,Medium,10015.85
DRV00722,35,13,65.0,8,4.6,65.6,31.0,0,2,41,High,17593.33
DRV00723,60,33,46.0,10,0.8,53.5,3.7,0,0,86,Low,6303.59
DRV00724,59,24,56.1,1,2.5,23.0,10.7,0,1,84,Low,5819.66
DRV00725,32,1,62.1,1,0.7,50.1,4.9,1,0,91,Low,7919.75
DRV00726,62,17,48.2,0,4.4,48.4,4.2,1,1,86,Low,6748.08
DRV00727,28,5,54.0,1,2.9,34.8,14.9,0,3,58,High,18014.11
DRV00728,66,0,25,3,3.1,12.7,3.0,0,4,47,High,19472.45
DRV00729,28,2,59.2,6,2.2,37.1,7.0,1,0,64,Medium,11885.8
DRV00730,37,10,79.4,7,1.0,21.9,14.6,0,0,71,Medium,9454.99
DRV00731,41,6,57.6,12,4.4,32.3,31.1,2,0,39,High,17566.39
DRV00732,34,11,70.1,2,0.5,32.5,6.9,0,0,100,Low,5555.53
DRV00733,36,3,76.5,4,3.0,42.6,14.8,0,1,62,Medium,12509.11
DRV00734,36,18,71.2,0,2.3,67.5,1.8,2,1,68,Medium,11307.43
DRV00735,53,9,82.2,0,5.7,37.1,1.4,0,1,70,Medium,11632.84
DRV00736,24,2,76.9,0,2.8,32.4,19.9,0,0,76,Low,8062.87
DRV00737,58,29,43.1,8,2.8,41.4,8.7,3,1,49,High,17358.45
DRV00738,44,13,25,0,1.1,60.8,21.2,0,1,92,Low,6541.9
DRV00739,21,3,74.7,2,6.3,73.4,5.6,0,1,66,Medium,12108.94
DRV00740,62,21,63.4,3,3.3,38.8,16.4,0,3,65,High,18050.89
DRV00741,58,9,53.7,18,0.2,67.7,15.8,0,1,45,High,17087.92
DRV00742,31,1,28.2,2,0.6,55.5,8.0,1,2,56,Medium,13564.37
DRV00743,61,28,72.1,2,4.4,22.3,23.9,0,1,67,Medium,10917.65
DRV00744,36,9,38.0,2,4.8,5,16.2,0,0,86,Low,6745.03
DRV00745,54,24,71.6,4,0.5,49.4,17.4,4,0,63,Medium,11988.05
DRV00746,40,22,39.0,0,1.2,43.5,11.6,2,0,92,Medium,9567.99
DRV00747,43,2,77.9,1,3.0,30.6,11.9,1,0,73,Medium,11962.8
DRV00748,55,22,32.0,0,0.4,25.1,5.0,0,1,99,Low,6505.76
DRV00749,67,46,60.1,8,5.7,37.1,2.1,0,1,68,Medium,11198.09
DRV00750,58,1,70.5,4,2.4,38.2,11.9,0,0,74,Medium,11307.29
DRV00751,28,6,69.4,0,3.9,7.8,15.0,1,2,54,Medium,13859.55
DRV00752,52,4,44.9,12,5.7,78.6,4.3,1,0,47,High,17127.56
DRV00753,26,1,37.2,8,3.8,60.6,10.4,0,0,67,Medium,11518.23
DRV00754,70,18,68.8,4,0.7,39.4,11.9,2,0,76,Medium,10751.53
DRV00755,62,7,25.4,16,2.7,20.0,4.6,0,1,49,High,16694.93
DRV00756,49,4,65.1,3,8.2,19.0,6.9,0,1,69,Medium,11752.78
DRV00757,48,30,75.6,0,3.2,76.0,7.0,1,2,70,Medium,13364.8
DRV00758,19,0,27.0,4,5.8,37.9,1.9,1,0,68,Medium,12592.86
DRV00759,46,3,94.3,1,1.4,6.9,2.0,0,0,80,Low,6609.63
DRV00760,68,34,25,0,5.5,17.5,2.4,0,0,97,Low,5811.82
DRV00761,33,9,69.1,4,4.7,65.6,16.5,2,2,36,High,18630.63
DRV00762,41,17,51.8,2,1.8,81.7,10.1,2,1,71,Medium,11501.12
DRV00763,31,2,68.5,1,3.6,23.6,17.5,0,0,71,Medium,11098.36
DRV00764,25,0,53.8,1,2.4,48.0,2.5,1,0,86,Low,7436.03
DRV00765,20,0,60.8,2,0.6,62.7,11.0,0,1,85,Low,8416.08
DRV00766,34,6,58.7,7,2.7,26.1,17.7,0,0,67,Medium,11452.29
DRV00767,61,18,81.8,2,3.8,5,10.4,0,1,76,Low,7367.47
DRV00768,18,0,70.0,0,1.7,5,6.8,1,0,77,Low,7740.31
DRV00769,69,49,51.6,3,2.1,40.2,4.1,0,0,100,Low,5282.51
DRV00770,53,13,40.3,0,1.7,65.2,5.5,0,0,100,Low,4811.88
DRV00771,32,1,52.2,2,2.8,35.4,11.3,3,4,23,High,22204.33
DRV00772,40,17,53.7,1,0.8,16.1,10.3,0,0,100,Low,4829.09
DRV00773,59,27,64.3,1,6.8,38.6,8.1,0,3,58,High,16932.93
DRV00774,20,1,89.9,0,4.1,25.6,10.3,0,1,61,Medium,13637.96
DRV00775,55,2,53.0,5,4.6,36.6,60,0,4,20,High,21536.07
DRV00776,52,7,69.3,0,3.0,24.0,8.7,1,0,82,Low,7320.99
DRV00777,67,23,59.7,14,5.1,68.7,2.4,0,0,65,Medium,10458.52
DRV00778,68,26,61.8,17,4.8,92.7,21.9,0,0,48,High,15428.58
DRV00779,49,12,84.5,0,1.0,19.1,11.3,1,0,86,Low,7050.8
DRV00780,62,10,66.5,8,10,47.2,7.1,0,1,55,Medium,12860.66
DRV00781,39,18,52.1,5,0.7,40.8,13.6,0,1,79,Low,6447.59
DRV00782,64,37,90.5,0,2.4,19.7,7.5,0,1,83,Low,7328.96
DRV00783,37,15,46.8,9,3.9,74.0,8.4,0,0,80,Low,7068.35
DRV00784,65,46,62.7,3,4.2,76.2,5.9,0,0,96,Low,5398.63
DRV00785,34,3,79.1,0,1.5,31.8,36.1,0,1,68,Medium,12782.53
DRV00786,19,1,69.1,3,5.7,102.8,3.0,2,0,58,Medium,13169.17
DRV00787,26,4,57.1,1,0.8,36.1,17.6,0,0,86,Low,6431.69
DRV00788,67,4,54.3,10,2.7,27.9,21.8,2,1,38,High,18445.64
DRV00789,58,40,66.7,1,1.8,48.7,23.4,0,0,99,Low,5023.49
DRV00790,64,13,64.0,3,1.5,48.2,8.3,0,1,79,Low,6628.36
DRV00791,60,11,80.1,8,4.8,16.1,13.6,0,0,63,Medium,12133.71
DRV00792,66,48,48.2,1,4.7,109.6,9.2,0,1,84,Low,6122.93
DRV00793,48,26,64.3,2,1.6,21.8,10.2,1,0,92,Low,5844.55
DRV00794,38,13,44.6,2,5.7,64.3,8.1,0,0,81,Low,5197.43
DRV00795,57,39,47.5,0,5.6,76.7,2.6,2,1,71,Medium,11378.04
DRV00796,51,13,51.1,0,3.5,60.2,5.0,2,0,86,Medium,11141.28
DRV00797,18,0,73.2,2,3.2,14.8,1.7,0,1,71,Medium,12679.53
DRV00798,65,7,64.0,2,7.6,26.4,10.1,1,0,69,Medium,10628.75
DRV00799,27,1,55.5,0,4.1,5.6,6.5,0,0,89,Low,7314.81
DRV00800,59,36,44.9,0,3.1,51.6,10.8,0,0,98,Low,5624.36
DRV00801,52,6,37.9,0,6.5,57.3,9.5,0,0,84,Low,6555.57
DRV00802,53,10,68.0,3,0.8,103.3,25.8,2,1,61,Medium,13126.57
DRV00803,44,9,56.2,0,5.1,5,4.6,0,0,95,Low,5955.19
DRV00804,47,22,37.8,5,5.7,51.3,8.4,0,0,83,Low,6081.88
DRV00805,30,7,63.4,8,3.2,39.4,10.6,2,0,59,Medium,12288.37
DRV00806,36,8,36.1,1,4.6,43.3,10.6,1,1,67,Medium,11949.7
DRV00807,47,6,91.7,5,3.4,26.6,0.7,0,0,74,Medium,11130.04
DRV00808,30,3,51.2,1,0.7,20.0,3.8,0,0,90,Low,5704.79
DRV00809,35,9,71.9,3,2.0,5,8.0,0,1,77,Low,7742.83
DRV00810,64,13,55.7,0,7.0,66.4,19.8,1,1,64,Medium,12622.97
DRV00811,57,30,58.3,1,1.5,49.7,13.1,0,0,100,Low,5974.74
DRV00812,26,8,63.9,2,2.0,24.4,5.2,1,1,70,Medium,12367.36
DRV00813,38,16,77.2,0,1.3,63.4,5.8,0,0,96,Low,5019.11
DRV00814,25,6,52.2,8,8.9,35.7,6.9,1,2,37,High,18590.8
DRV00815,41,5,106.0,0,2.3,15.9,12.2,2,2,36,High,19752.53
DRV00816,35,1,44.2,2,1.8,20.5,11.8,1,0,75,Low,7638.27
DRV00817,29,7,58.0,3,0.9,13.3,13.0,1,0,82,Low,7158.64
DRV00818,25,0,34.4,1,8.8,61.2,18.2,1,2,43,High,18829.46
DRV00819,55,23,25,2,8.3,42.2,2.1,0,1,84,Low,7303.22
DRV00820,35,6,51.8,4,8.4,25.2,6.3,0,0,73,Medium,10574.65
DRV00821,47,2,63.2,5,1.4,55.0,7.4,1,0,77,Low,7442.36
DRV00822,30,11,58.3,0,5.3,35.2,3.5,0,0,96,Low,5592.73
DRV00823,36,8,53.9,2,3.8,30.2,14.0,1,2,65,Medium,13661.38
DRV00824,42,4,47.3,4,2.2,44.1,16.3,1,1,68,Medium,13238.79
DRV00825,34,6,54.0,0,4.7,49.2,3.5,0,0,91,Low,6260.92
DRV00826,62,6,35.8,0,2.7,12.8,14.2,2,0,74,Medium,11577.26
DRV00827,19,1,64.4,3,2.8,23.3,7.4,1,0,82,Low,8493.68
DRV00828,66,32,71.1,1,3.8,63.9,3.9,0,1,84,Low,6133.58
DRV00829,54,8,67.9,12,6.3,63.7,9.1,0,0,57,Medium,11113.26
DRV00830,23,1,58.9,0,1.7,64.1,9.5,0,1,79,Low,7504.37
DRV00831,60,24,70.3,5,0.9,15.2,20.3,1,1,64,Medium,11856.2
DRV00832,22,2,31.8,3,1.5,50.9,19.9,0,2,55,Medium,13456.87
DRV00833,22,1,64.7,0,2.8,59.8,14.4,0,0,85,Low,7405.42
DRV00834,44,5,70.5,7,3.0,79.1,15.7,2,1,46,High,17909.11
DRV00835,54,32,44.9,2,6.5,65.6,5.4,1,1,71,Medium,11395.34
DRV00836,48,22,47.9,1,6.8,73.6,10.8,1,0,79,Low,7452.31
DRV00837,55,16,67.5,5,2.9,89.6,5.8,0,0,91,Low,5323.79
DRV00838,34,13,51.0,6,3.5,65.2,6.6,0,0,90,Low,6375.35
DRV00839,33,5,64.2,5,4.4,53.4,5.7,1,0,73,Medium,10584.62
DRV00840,64,33,53.8,1,0.5,45.1,17.4,0,0,100,Low,5071.53
DRV00841,58,19,55.0,12,1.7,50.4,32.1,0,0,64,Medium,11246.42
DRV00842,37,19,26.7,1,7.1,43.9,9.4,0,1,81,Low,6730.94
DRV00843,60,2,30.2,4,1.8,15.8,1.0,0,0,78,Low,6222.81
DRV00844,38,3,58.5,1,0.7,52.5,16.9,0,1,77,Low,8604.45
DRV00845,53,0,50.3,6,1.2,65.6,10.0,0,0,73,Medium,11554.76
DRV00846,54,5,44.1,1,1.5,25.4,7.3,0,1,89,Low,7826.16
DRV00847,28,9,47.9,21,0.4,68.5,11.4,0,2,33,High,18925.23
DRV00848,25,1,49.3,0,1.9,58.1,19.9,4,0,56,Medium,14095.24
DRV00849,56,17,51.6,0,10,68.7,19.6,0,0,82,Low,5877.52
DRV00850,47,9,66.0,10,1.3,24.7,10.8,0,0,74,Medium,10372.9
DRV00851,59,26,74.2,4,4.2,44.0,13.3,1,1,68,Medium,11631.56
DRV00852,33,5,41.6,0,2.4,36.6,11.3,2,0,73,Medium,12179.05
DRV00853,29,7,91.3,1,1.9,27.2,4.6,0,1,79,Low,8321.29
DRV00854,47,16,39.8,7,9.7,14.4,5.2,0,1,59,Medium,10976.76
DRV00855,51,30,62.0,2,1.7,41.0,3.2,1,0,100,Low,6035.34
DRV00856,64,3,53.7,6,6.4,71.3,17.1,1,0,59,Medium,12461.95
DRV00857,34,3,55.3,4,1.1,25.4,9.6,0,1,69,Medium,12041.54
DRV00858,66,15,58.6,4,2.1,26.0,5.4,0,0,92,Low,5547.75
DRV00859,41,18,49.4,11,1.2,63.1,9.4,0,1,68,Medium,11021.94
DRV00860,36,12,57.5,7,3.9,65.2,0.8,0,2,58,Medium,12323.14
DRV00861,28,5,44.8,2,3.4,22.9,9.6,1,0,79,Low,7833.45
DRV00862,27,4,37.9,0,1.4,23.5,11.8,0,1,86,Low,7140.06
DRV00863,32,11,64.9,2,0.9,81.9,2.2,0,1,95,Low,6020.06
DRV00864,21,3,47.0,1,5.8,40.6,14.3,1,0,77,Low,8666.58
DRV00865,53,17,66.7,7,0.7,56.5,10.5,0,1,71,Medium,10524.01
DRV00866,52,3,48.5,0,1.0,78.9,4.4,0,0,93,Low,6134.39
DRV00867,25,7,59.8,6,4.2,32.4,0.1,1,0,76,Low,8085.59
DRV00868,50,18,70.9,8,1.7,41.9,11.5,0,3,53,High,17481.23
DRV00869,38,16,48.6,0,2.7,50.6,13.9,0,1,88,Low,6420.61
DRV00870,50,19,49.6,0,2.0,74.7,11.8,0,1,94,Low,5731.43
DRV00871,57,10,49.2,2,4.0,73.7,17.6,0,3,56,High,17541.36
DRV00872,37,10,53.6,1,2.0,5,8.1,0,0,95,Low,6705.12
DRV00873,30,3,51.5,7,0.4,32.3,7.6,1,1,60,Medium,12502.71
DRV00874,35,3,66.4,5,6.7,54.4,5.3,0,0,73,Medium,11168.42
DRV00875,52,23,45.9,2,7.8,55.4,12.3,0,0,83,Low,6574.33
DRV00876,60,16,30.3,4,1.1,32.6,30.1,1,3,41,High,19076.96
DRV00877,65,13,65.2,2,2.1,72.7,16.5,1,0,84,Low,7015.25
DRV00878,43,25,53.0,3,0.3,48.6,1.4,1,1,83,Low,7215.4
DRV00879,58,4,56.0,14,6.7,17.2,22.2,0,2,20,High,18271.37
DRV00880,66,4,59.8,1,2.9,22.7,18.2,0,1,71,Medium,12301.2
DRV00881,62,27,70.5,1,4.3,32.4,0.6,0,2,71,Medium,10959.5
DRV00882,52,29,51.9,6,5.4,34.8,4.3,0,0,76,Low,5834.97
DRV00883,20,0,25,1,2.0,33.1,4.6,0,0,93,Low,7413.56
DRV00884,40,0,80.3,2,2.8,87.0,18.3,0,0,71,Medium,12018.75
DRV00885,70,7,66.3,9,3.1,56.2,18.8,0,4,24,High,19975.78
DRV00886,34,16,71.5,0,7.2,65.2,8.6,0,4,50,High,18743.32
DRV00887,42,15,99.1,5,0.2,54.2,3.5,0,1,70,Medium,12266.43
DRV00888,36,11,36.0,2,1.3,17.9,3.7,1,0,97,Low,6057.6
DRV00889,19,1,62.6,1,8.4,71.4,1.3,1,0,67,Medium,12522.66
DRV00890,66,38,56.3,0,2.2,33.6,8.3,3,0,76,Medium,11430.39
DRV00891,46,4,76.1,0,3.0,13.8,5.4,0,3,55,High,17981.5
DRV00892,49,12,71.5,6,1.1,68.5,18.5,0,1,66,Medium,11739.52
DRV00893,64,42,50.0,2,4.0,83.9,7.4,1,2,69,Medium,11599.47
DRV00894,58,3,70.2,0,4.4,5,5.1,0,0,87,Low,6498.96
DRV00895,70,36,25,2,1.8,90.1,18.6,0,0,98,Low,5742.64
DRV00896,39,15,60.4,0,9.0,21.8,5.5,0,0,86,Low,5645.85
DRV00897,47,26,73.5,1,2.8,67.5,2.5,0,0,100,Low,4726.23
DRV00898,30,2,64.1,0,5.7,33.6,12.7,2,0,67,Medium,11813.9
DRV00899,32,11,76.6,1,0.9,38.4,13.7,2,1,70,Medium,13336.91
DRV00900,57,27,66.1,12,10,32.9,3.4,0,0,55,Medium,10526.96
DRV00901,64,39,53.1,5,1.1,43.0,3.8,4,3,38,High,20103.1
DRV00902,44,12,47.8,1,1.6,38.1,3.5,1,1,82,Low,7224.77
DRV00903,27,4,58.2,0,2.0,44.5,13.5,1,0,89,Low,7950.23
DRV00904,47,4,98.2,9,2.2,76.6,9.3,2,1,32,High,18460.48
DRV00905,32,8,102.3,3,4.0,98.3,29.9,1,3,20,High,21216.78
DRV00906,67,17,72.2,9,4.5,15.4,14.9,0,0,66,Medium,9800.28
DRV00907,55,31,61.1,1,3.1,73.2,11.6,2,1,76,Medium,11863.86
DRV00908,68,41,78.1,0,6.3,39.1,15.2,0,0,84,Low,5746.23
DRV00909,68,28,70.5,2,4.3,22.9,11.7,3,0,74,Medium,11124.54
DRV00910,64,29,65.2,6,2.2,33.1,5.3,0,0,93,Low,5783.36
DRV00911,68,10,64.9,3,2.1,87.9,7.0,2,2,52,Medium,14229.86
DRV00912,65,14,52.4,9,0.8,66.7,13.3,1,0,75,Low,6784.4
DRV00913,39,14,79.3,12,2.1,23.5,12.1,1,0,54,Medium,10979.84
DRV00914,43,19,54.4,0,4.0,33.0,8.0,1,0,86,Low,6705.19
DRV00915,24,6,86.3,8,1.9,36.0,2.5,0,0,62,Medium,11223.99
DRV00916,35,0,27.7,16,1.7,49.6,14.2,0,0,56,Medium,12648.87
DRV00917,46,13,25,0,1.4,18.2,7.9,2,0,87,Medium,11140.8
DRV00918,41,8,44.2,10,1.6,57.6,2.4,0,2,55,Medium,12302.72
DRV00919,55,8,87.4,16,5.3,78.6,2.9,0,0,38,High,15145.91
DRV00920,70,14,37.6,0,4.2,54.8,8.6,0,0,94,Low,5446.62
DRV00921,40,15,64.1,4,0.7,38.0,11.8,1,1,68,Medium,11244.17
DRV00922,26,6,61.8,3,4.9,73.7,11.8,3,0,52,Medium,12572.88
DRV00923,38,0,63.2,5,3.9,46.6,8.2,0,3,45,High,17794.75
DRV00924,29,0,47.0,0,0.8,25.4,11.9,0,0,91,Low,6759.08
DRV00925,39,5,70.4,4,1.4,60.7,4.9,1,0,77,Low,6892.05
DRV00926,19,0,63.6,1,1.3,47.1,10.7,0,0,92,Low,7448.78
DRV00927,22,1,66.4,0,1.5,79.0,30.3,1,0,76,Low,8264.01
DRV00928,67,11,28.7,2,4.3,46.0,33.1,0,3,47,High,18276.98
DRV00929,61,11,49.8,0,1.4,40.2,13.0,0,1,91,Low,6376.66
DRV00930,25,1,50.0,1,2.6,67.5,39.9,1,2,42,High,18242.2
DRV00931,24,6,34.6,1,3.4,43.6,10.8,0,0,87,Low,7217.0
DRV00932,30,4,73.8,2,0.9,39.3,12.9,5,1,38,High,18827.67
DRV00933,51,2,60.6,8,6.0,57.6,4.1,0,0,70,Medium,11309.58
DRV00934,40,17,86.3,8,5.8,62.5,4.1,1,2,47,High,18551.97
DRV00935,32,11,47.2,2,3.8,82.3,1.7,2,0,77,Medium,11763.74
DRV00936,60,21,105.0,7,2.4,41.1,1.7,0,1,64,Medium,11867.15
DRV00937,54,19,67.2,5,1.8,95.3,8.2,0,2,71,Medium,11375.35
DRV00938,56,0,46.8,4,2.8,30.8,4.9,0,2,59,Medium,13526.82
DRV00939,38,5,69.6,4,3.5,41.6,11.8,0,2,63,Medium,12471.18
DRV00940,53,31,63.9,0,3.0,75.6,1.5,0,1,99,Low,6526.35
DRV00941,41,14,56.7,5,4.7,22.1,4.1,2,0,64,Medium,11734.86
DRV00942,50,4,61.5,1,2.8,81.3,12.7,0,0,86,Low,7034.24
DRV00943,22,3,55.0,5,5.6,47.5,1.6,1,0,71,Medium,11930.59
DRV00944,42,24,29.2,5,0.5,28.7,1.1,0,0,96,Low,5828.66
DRV00945,42,14,68.0,2,1.7,38.5,13.8,2,0,78,Medium,10476.53
DRV00946,36,5,73.4,1,1.2,42.5,8.5,0,0,93,Low,5981.64
DRV00947,43,4,66.0,11,2.7,29.1,17.9,0,0,56,Medium,12110.76
DRV00948,64,33,61.1,0,1.4,64.1,14.6,2,0,89,Medium,9880.1
DRV00949,59,19,60.0,0,4.6,60.9,25.3,1,0,83,Low,7306.76
DRV00950,28,10,43.6,0,2.8,67.3,7.6,0,1,84,Low,7018.47
DRV00951,43,18,60.1,2,3.0,32.4,3.3,0,3,64,High,16249.05
DRV00952,20,2,62.8,0,2.1,53.1,18.5,0,0,83,Low,7395.32
DRV00953,46,15,52.8,1,1.0,60.6,8.1,1,1,83,Low,8100.54
DRV00954,33,3,53.4,2,2.4,36.4,15.8,2,1,63,Medium,14317.55
DRV00955,49,22,93.8,8,0.7,5,6.1,0,4,36,High,19060.53
DRV00956,58,20,50.5,6,2.3,89.1,9.9,0,4,47,High,18926.99
DRV00957,50,17,92.4,0,2.1,42.1,14.3,0,4,43,High,19401.32
DRV00958,66,42,51.7,3,1.1,50.6,13.4,0,0,100,Low,5377.13
DRV00959,20,2,46.4,1,7.2,15.3,21.1,0,3,41,High,19175.73
DRV00960,49,18,54.3,10,0.8,100.8,6.4,0,1,74,Medium,10797.68
DRV00961,22,1,51.5,6,6.6,57.9,22.8,1,0,46,High,16476.26
DRV00962,47,20,77.7,0,1.0,17.9,4.5,0,0,100,Low,5282.37
DRV00963,68,43,58.5,0,2.1,55.6,9.5,4,1,68,Medium,13359.15
DRV00964,61,37,61.8,0,1.4,41.6,11.0,1,1,89,Low,7396.77
DRV00965,38,7,69.9,3,4.1,77.1,5.9,1,1,58,Medium,12016.14
DRV00966,61,16,56.1,0,3.2,62.0,2.1,0,1,97,Low,6064.95
DRV00967,65,43,76.1,9,2.3,64.8,5.5,0,1,62,Medium,11320.38
DRV00968,66,31,34.7,0,3.9,130.8,7.0,0,2,88,Medium,10409.32
DRV00969,47,27,72.1,0,6.0,32.4,1.2,0,4,52,High,17746.56
DRV00970,18,0,64.1,0,4.0,13.8,2.7,0,0,92,Low,7773.99
DRV00971,37,17,56.2,3,3.2,63.3,14.9,0,3,58,High,16676.13
DRV00972,27,3,39.4,0,3.1,44.7,13.6,0,1,74,Medium,11306.83
DRV00973,51,18,49.6,4,1.1,67.5,9.4,0,0,100,Low,5369.95
DRV00974,38,20,95.0,6,3.6,15.5,6.7,0,0,65,Medium,9719.39
DRV00975,32,11,48.2,6,3.1,38.3,1.0,0,1,75,Low,7386.96
DRV00976,49,29,31.1,12,1.8,17.6,20.6,0,0,71,Medium,10392.61
DRV00977,33,7,48.5,6,3.1,32.1,5.7,4,1,35,High,18465.56
DRV00978,59,12,78.8,0,5.7,39.5,4.4,0,1,68,Medium,11315.14
DRV00979,18,0,57.4,0,4.6,61.4,2.4,2,0,71,Medium,12350.69
DRV00980,56,28,58.4,1,1.8,36.6,9.0,0,3,78,High,17334.82
DRV00981,53,30,48.5,5,3.6,63.3,14.2,0,2,69,Medium,12298.21
DRV00982,54,36,76.6,5,5.4,55.0,2.9,1,0,72,Medium,10759.02
DRV00983,23,3,54.6,2,0.7,55.6,21.5,0,0,85,Low,7731.88
DRV00984,66,16,58.8,4,0.4,56.1,16.2,0,1,91,Low,6734.89
DRV00985,26,8,51.3,4,2.5,69.5,17.0,0,0,84,Low,6913.3
DRV00986,49,0,54.2,8,3.3,56.0,7.9,0,1,57,Medium,12582.67
DRV00987,41,16,34.8,5,1.7,77.4,14.3,0,3,54,High,16676.28
DRV00988,31,2,70.0,0,6.2,63.5,6.1,0,1,68,Medium,12309.55
DRV00989,59,40,62.3,7,0.3,98.0,6.6,1,0,80,Low,6574.05
DRV00990,36,7,64.7,0,0.2,53.4,17.7,0,0,86,Low,5351.5
DRV00991,65,23,72.8,0,6.4,59.5,6.2,2,2,58,Medium,12930.5
DRV00992,58,1,85.1,0,1.0,10.0,9.0,1,0,80,Low,8294.04
DRV00993,22,1,61.5,1,0.5,71.6,9.2,0,2,66,Medium,12398.61
DRV00994,35,9,55.9,1,4.8,32.2,4.3,1,4,49,High,19733.84
DRV00995,45,17,75.7,1,2.3,39.8,9.0,0,1,79,Low,7313.33
DRV00996,27,5,56.6,0,2.5,25.9,6.9,1,1,72,Medium,11941.5
DRV00997,41,13,68.5,0,2.9,57.5,15.5,0,2,73,Medium,11810.97
DRV00998,39,17,40.2,7,3.8,18.6,21.7,0,2,64,Medium,11804.42
DRV00999,52,2,37.2,1,3.6,44.1,18.3,1,0,71,Medium,12355.22
DRV01000,41,17,76.0,6,1.5,36.7,8.1,0,1,65,Medium,11153.86
DRV01001,66,12,50.9,13,7.1,5,6.2,0,0,52,Medium,10134.18
DRV01002,30,0,71.3,0,7.9,50.0,2.2,0,3,46,High,18693.21
DRV01003,56,19,49.4,1,4.2,67.4,13.8,1,3,53,High,17833.5
DRV01004,34,15,68.1,3,0.9,29.9,13.3,3,0,70,Medium,11376.14
DRV01005,49,5,38.2,0,5.6,52.7,18.8,4,0,50,Medium,14286.39
DRV01006,46,6,52.6,4,4.0,41.0,1.3,0,0,84,Low,7237.31
DRV01007,69,34,55.1,3,5.2,41.8,3.9,0,0,98,Low,6372.13
DRV01008,30,7,56.3,5,7.3,48.2,4.2,1,2,48,High,18398.43
DRV01009,62,7,65.0,5,2.8,55.8,10.6,1,0,69,Medium,11190.38
DRV01010,53,27,64.2,8,4.8,52.2,10.2,2,0,65,Medium,11472.2
DRV01011,29,10,65.7,3,3.7,81.3,12.1,0,0,80,Low,7121.5
DRV01012,43,0,44.8,0,3.4,68.7,10.7,1,0,80,Low,8444.93
DRV01013,31,3,48.6,0,1.3,24.5,13.5,0,1,83,Low,7832.32
DRV01014,66,4,25,0,1.3,58.2,8.2,3,2,49,High,19186.02
DRV01015,20,1,58.7,4,4.1,42.4,13.1,2,1,51,Medium,14295.11
DRV01016,56,33,51.5,2,0.8,88.2,3.6,0,0,98,Low,5319.41
DRV01017,39,9,69.3,10,3.1,20.0,26.0,0,1,41,High,16148.07
DRV01018,26,7,45.2,14,3.5,79.4,2.1,2,2,26,High,19143.32
DRV01019,38,7,44.4,1,7.9,39.0,8.1,0,1,72,Medium,10631.49
DRV01020,26,4,67.0,4,3.6,82.0,9.2,0,1,66,Medium,12274.17
DRV01021,56,21,67.4,2,1.7,79.6,5.6,0,0,97,Low,5076.09
DRV01022,42,17,59.3,0,2.9,47.8,12.2,0,0,100,Low,5534.39
DRV01023,49,6,42.3,0,1.3,51.5,11.2,1,2,67,Medium,12861.17
DRV01024,60,36,65.2,15,5.5,52.3,5.2,1,1,47,High,16542.42
DRV01025,33,4,79.0,5,1.3,52.6,7.6,0,0,70,Medium,10637.17
DRV01026,35,15,66.5,2,1.7,60.7,33.8,0,0,78,Low,5849.29
DRV01027,56,24,47.0,7,2.6,53.8,3.7,2,1,72,Medium,12311.82
DRV01028,31,10,29.8,2,2.1,50.3,13.1,1,0,82,Low,6352.73
DRV01029,62,43,37.7,0,2.0,77.4,5.3,0,1,96,Low,6387.3
DRV01030,54,15,54.4,4,0.4,41.0,7.2,0,0,92,Low,5684.31
DRV01031,40,7,53.8,1,1.2,100.5,12.2,0,0,97,Low,6416.61
DRV01032,21,1,88.1,0,0.8,76.6,9.0,2,0,70,Medium,12888.04
DRV01033,37,5,46.5,0,0.6,45.8,21.1,3,0,60,Medium,12122.76
DRV01034,28,3,98.6,3,0.8,54.6,5.6,0,1,59,Medium,12708.75
DRV01035,29,2,47.9,6,2.1,44.8,5.7,0,2,57,Medium,13635.88
DRV01036,48,4,64.8,3,2.3,33.3,9.2,1,1,69,Medium,12984.03
DRV01037,20,0,66.6,1,3.4,46.6,19.1,1,2,44,High,19151.91
DRV01038,51,22,62.8,7,2.6,17.3,3.1,0,0,93,Low,5956.56
DRV01039,66,1,63.9,5,2.8,88.5,21.8,0,2,51,Medium,13903.0
DRV01040,43,14,54.4,0,1.1,25.5,5.2,1,0,95,Low,6146.7
DRV01041,42,20,62.5,1,7.7,41.0,1.6,2,0,77,Medium,10908.7
DRV01042,50,10,65.4,5,3.7,48.8,10.2,0,0,76,Low,7125.58
DRV01043,40,19,50.9,6,3.9,68.4,19.4,0,1,63,Medium,11027.15
DRV01044,50,4,67.2,6,2.1,47.9,17.8,0,1,62,Medium,12943.84
DRV01045,35,12,58.9,0,1.1,55.1,4.4,2,0,79,Medium,9741.11
DRV01046,31,0,67.5,0,5.6,47.2,4.8,0,1,76,Low,8915.72
DRV01047,69,21,25,7,3.7,5,14.9,1,2,49,High,16875.32
DRV01048,69,38,60.1,6,2.7,30.3,1.9,1,0,88,Low,5970.18
DRV01049,68,14,66.9,9,3.2,35.6,7.9,0,0,67,Medium,9203.28
DRV01050,60,4,63.7,0,2.6,5,8.2,0,0,89,Low,7023.13
DRV01051,49,25,44.1,7,1.9,35.1,3.9,0,0,92,Low,5939.9
DRV01052,68,47,77.9,2,0.9,49.6,22.9,5,0,53,Medium,13642.51
DRV01053,41,21,46.2,1,3.8,6.7,1.6,4,1,66,Medium,12750.54
DRV01054,28,6,66.3,1,1.9,23.1,2.3,0,0,95,Low,5941.5
DRV01055,67,44,39.3,1,1.9,45.4,6.8,0,0,100,Low,5111.52
DRV01056,59,25,25.9,6,8.6,75.3,4.7,1,0,79,Low,7438.33
DRV01057,27,1,66.3,5,1.9,47.9,6.5,0,0,84,Low,7089.49
DRV01058,60,35,56.2,4,2.3,27.8,6.9,2,1,66,Medium,12457.18
DRV01059,47,21,85.4,7,2.8,39.2,18.6,1,3,32,High,18383.26
DRV01060,29,0,64.5,1,0.9,37.5,6.7,0,0,87,Low,6943.34
DRV01061,30,11,59.9,0,2.3,54.1,13.1,0,1,88,Low,7087.56
DRV01062,27,5,44.6,5,1.8,5.1,10.7,2,0,68,Medium,11313.94
DRV01063,20,1,78.9,1,3.9,40.8,2.1,0,0,84,Low,7507.3
DRV01064,38,18,60.1,8,8.8,66.5,15.0,0,0,66,Medium,10792.41
DRV01065,70,28,58.1,0,0.8,49.6,10.8,3,0,90,Medium,10360.43
DRV01066,67,40,64.5,4,3.2,8.1,10.8,1,2,66,Medium,12493.26
DRV01067,64,21,68.3,0,2.7,79.5,5.2,0,3,71,High,16255.67
DRV01068,36,8,28.0,0,1.2,74.4,11.0,0,4,62,High,18108.38
DRV01069,18,0,83.1,5,1.8,64.6,19.8,0,2,38,High,19288.2
DRV01070,48,21,36.9,1,0.9,20.3,22.8,0,0,100,Low,5276.37
DRV01071,68,49,63.0,0,1.2,52.5,10.8,2,1,88,Medium,11654.19
DRV01072,68,48,31.5,5,2.5,65.9,13.3,0,1,86,Low,7183.72
DRV01073,60,31,41.4,1,2.3,38.6,1.5,0,0,100,Low,4710.62
DRV01074,39,13,58.0,1,2.9,45.1,2.7,1,1,77,Low,7565.52
DRV01075,53,21,79.3,6,4.4,77.9,10.9,0,0,81,Low,6371.48
DRV01076,26,4,82.4,1,8.7,5,10.0,0,0,65,Medium,11611.2
DRV01077,23,1,77.8,7,2.3,34.4,5.5,2,0,55,Medium,14041.02
DRV01078,32,0,52.9,3,3.5,93.4,23.2,0,1,61,Medium,13335.78
DRV01079,37,3,79.2,0,4.7,23.5,2.9,0,0,79,Low,6982.89
DRV01080,55,35,67.5,1,1.4,36.9,23.3,1,0,85,Low,5673.84
DRV01081,61,32,59.2,4,5.7,72.5,9.8,0,1,71,Medium,11377.2
DRV01082,36,11,86.3,2,3.8,96.9,13.1,1,0,68,Medium,11194.37
DRV01083,25,6,35.7,4,3.8,26.5,12.1,0,1,70,Medium,12260.0
DRV01084,20,2,72.4,13,1.8,58.5,3.0,0,0,57,Medium,12351.79
DRV01085,59,7,67.6,2,4.7,32.4,8.8,1,0,70,Medium,11603.33
DRV01086,60,15,25,2,1.7,51.7,3.8,1,1,80,Low,7231.11
DRV01087,25,4,66.2,2,0.3,63.0,10.7,0,1,73,Medium,11769.3
DRV01088,35,15,70.4,2,2.8,43.7,20.8,0,4,38,High,18428.58
DRV01089,27,1,56.3,1,0.9,71.0,10.4,0,0,92,Low,6887.0
DRV01090,36,8,67.9,4,3.6,10.4,22.2,0,0,70,Medium,10579.05
DRV01091,19,1,61.2,2,2.2,7.1,4.3,1,0,80,Low,8043.96
DRV01092,30,10,32.9,3,3.7,74.6,9.4,0,0,84,Low,6757.6
DRV01093,33,10,41.0,3,5.1,49.1,8.2,0,1,78,Low,7628.88
DRV01094,26,3,57.2,0,1.7,31.2,8.1,1,2,68,Medium,13304.79
DRV01095,33,3,68.1,3,6.0,58.1,5.2,0,0,76,Low,6491.68
DRV01096,49,13,67.5,0,3.2,5,16.1,1,0,86,Low,7178.78
DRV01097,58,36,70.7,0,1.2,50.6,17.9,0,0,91,Low,5628.97
DRV01098,32,9,63.3,9,1.5,57.0,15.7,0,2,51,Medium,13291.13
DRV01099,41,1,34.2,8,0.9,40.5,4.7,0,0,78,Low,7262.29
DRV01100,51,33,93.3,9,10,30.8,11.7,0,1,40,High,16587.29
DRV01101,34,6,83.6,7,1.4,28.8,20.3,0,1,53,Medium,12644.69
DRV01102,21,1,56.4,7,3.7,18.5,14.3,1,0,64,Medium,13607.13
DRV01103,69,8,58.3,7,3.5,55.7,10.9,0,0,75,Low,7648.13
DRV01104,70,11,75.9,7,1.1,55.6,3.6,0,1,75,Low,8179.5
DRV01105,47,5,37.0,1,0.4,5,1.2,0,0,100,Low,5281.46
DRV01106,55,5,67.0,12,0.9,55.7,10.9,1,1,42,High,16914.03
DRV01107,40,10,52.3,9,4.5,56.2,5.5,1,1,51,Medium,12292.48
DRV01108,49,4,75.5,1,4.3,84.3,7.5,0,0,80,Low,7012.81
DRV01109,34,7,41.6,0,5.6,71.7,3.7,0,0,92,Low,5776.2
DRV01110,38,11,49.9,6,6.8,28.5,1.6,1,0,72,Medium,11262.35
DRV01111,57,35,43.5,26,6.5,53.6,10.6,0,1,29,High,17181.48
DRV01112,34,16,72.5,3,0.2,69.5,5.4,0,3,56,High,16785.81
DRV01113,51,12,38.4,3,0.7,76.3,3.8,1,1,80,Low,7927.15
DRV01114,54,19,50.1,1,2.7,55.7,7.3,0,0,98,Low,6042.2
DRV01115,23,3,78.8,1,2.3,16.2,19.3,0,0,76,Low,8490.97
DRV01116,39,17,52.6,12,0.8,29.7,8.1,0,0,79,Low,6007.01
DRV01117,19,0,56.2,3,3.2,25.2,19.8,1,0,65,Medium,13404.28
DRV01118,43,23,59.6,0,0.9,61.0,10.6,1,0,97,Low,5714.32
DRV01119,55,5,50.8,0,2.6,36.3,4.9,2,1,80,Medium,12328.91
DRV01120,57,32,25,19,0.9,49.3,28.3,1,0,53,Medium,12351.25
DRV01121,31,13,86.8,3,2.2,55.3,11.2,0,0,78,Low,6266.15
DRV01122,58,31,56.9,15,1.0,67.5,13.3,0,1,59,Medium,11972.47
DRV01123,37,19,65.4,2,6.5,53.3,11.0,0,0,89,Low,5396.54
DRV01124,66,26,68.0,0,1.5,89.5,3.6,0,0,100,Low,5124.13
DRV01125,20,2,57.4,0,3.5,9.1,1.7,0,1,84,Low,9552.07
DRV01126,45,13,83.8,2,0.9,39.7,8.4,3,3,37,High,19717.98
DRV01127,31,5,32.3,0,1.2,79.6,6.5,0,0,99,Low,7176.28
DRV01128,40,1,65.8,0,3.8,21.9,11.5,1,4,38,High,20249.06
DRV01129,20,0,59.7,0,3.4,99.0,4.4,0,1,72,Medium,12034.88
DRV01130,26,6,69.2,1,4.8,53.0,16.0,0,0,73,Medium,10113.59
DRV01131,69,18,55.7,0,3.9,62.8,19.2,1,1,77,Low,7188.61
DRV01132,42,24,41.3,4,6.2,10.3,15.3,2,0,66,Medium,11239.35
DRV01133,68,23,38.0,3,1.2,31.7,6.0,2,0,89,Medium,9519.52
DRV01134,29,3,81.8,6,1.6,76.9,20.5,0,3,38,High,19859.37
DRV01135,19,1,70.9,2,2.6,76.4,14.0,0,0,80,Low,8040.9
DRV01136,56,14,47.2,9,4.6,79.4,10.5,0,0,74,Medium,9844.15
DRV01137,18,0,90.4,0,1.1,35.5,12.9,0,2,60,Medium,15312.78
DRV01138,40,17,50.4,1,6.7,25.1,7.5,0,2,75,Medium,11836.47
DRV01139,45,3,46.5,0,1.4,15.8,11.8,1,0,87,Low,7759.59
DRV01140,52,9,59.7,1,3.3,90.7,7.7,0,0,96,Low,5444.22
DRV01141,50,12,79.2,6,2.2,64.2,2.2,1,0,71,Medium,11304.93
DRV01142,65,20,73.4,0,4.3,56.2,12.1,0,0,91,Low,5354.68
DRV01143,35,8,76.6,2,1.9,51.0,17.0,0,0,84,Low,6329.93
DRV01144,56,8,46.6,0,9.7,73.3,24.6,2,4,20,High,21056.75
DRV01145,22,2,95.2,4,1.8,56.0,4.5,0,0,73,Medium,11891.84
DRV01146,28,3,35.1,0,3.5,98.6,0.7,2,0,84,Medium,11849.59
DRV01147,18,0,78.3,1,3.3,74.0,3.4,0,0,82,Low,8384.66
DRV01148,22,4,54.4,0,2.1,66.0,7.8,3,0,71,Medium,14056.22
DRV01149,33,14,61.4,0,3.0,65.5,3.5,1,1,85,Low,7516.46
DRV01150,18,0,36.9,8,3.9,10.2,2.9,0,3,43,High,20572.8
DRV01151,65,31,63.2,2,6.2,12.3,5.0,0,0,86,Low,5617.6
DRV01152,38,13,69.3,5,6.8,51.2,17.2,1,4,20,High,20402.78
DRV01153,43,15,59.4,6,1.2,72.4,11.0,2,0,71,Medium,10617.64
DRV01154,28,1,82.1,4,0.3,46.2,15.7,0,0,66,Medium,10618.65
DRV01155,22,4,71.3,13,6.1,71.8,11.4,1,0,36,High,16827.97
DRV01156,68,34,84.7,0,7.1,5,15.9,2,0,63,Medium,10857.71
DRV01157,34,16,80.7,1,4.1,41.3,12.9,0,0,80,Low,6641.17
DRV01158,50,29,83.9,0,4.6,38.6,11.1,0,0,89,Low,6081.49
DRV01159,57,28,53.7,13,0.7,89.3,10.8,0,1,69,Medium,11226.9
DRV01160,63,9,62.4,2,1.4,37.2,1.6,0,0,94,Low,6013.76
DRV01161,58,15,41.3,8,4.7,75.2,19.2,1,0,62,Medium,11041.63
DRV01162,61,7,74.9,0,6.0,92.8,5.6,0,0,80,Low,6767.8
DRV01163,70,52,50.2,1,5.8,38.1,21.5,0,3,49,High,17219.49
DRV01164,54,6,52.9,0,5.0,60.1,10.8,4,0,63,Medium,12891.03
DRV01165,28,9,76.2,1,5.1,99.1,12.9,0,2,60,Medium,12755.06
DRV01166,63,25,55.5,4,3.3,52.0,0.9,0,1,88,Low,6527.07
DRV01167,30,4,52.4,4,3.3,39.3,9.6,0,0,79,Low,6561.02
DRV01168,35,1,71.1,2,0.8,59.8,2.9,0,0,90,Low,7400.13
DRV01169,31,13,35.4,12,0.9,66.8,8.9,0,1,66,Medium,11494.4
DRV01170,59,6,52.3,0,2.4,88.2,10.6,1,2,66,Medium,13166.16
DRV01171,41,4,59.8,3,6.4,76.7,33.5,0,2,44,High,17763.9
DRV01172,38,18,29.7,2,2.8,46.3,4.0,0,0,99,Low,4662.26
DRV01173,52,21,56.2,1,9.4,23.0,10.0,1,0,84,Low,7115.37
DRV01174,39,0,78.5,8,0.5,83.3,7.4,1,0,62,Medium,12337.03
DRV01175,70,52,68.6,1,1.5,62.2,9.6,1,0,92,Low,5358.56
DRV01176,36,9,53.8,3,2.4,76.4,17.1,3,1,57,Medium,13465.46
DRV01177,58,28,55.5,2,8.6,28.4,16.5,0,3,54,High,17820.44
DRV01178,70,11,50.3,0,1.1,6.0,3.3,2,1,76,Medium,11242.09
DRV01179,21,3,55.6,2,2.6,5,4.6,0,0,89,Low,6795.63
DRV01180,63,5,52.9,0,2.2,35.1,5.5,0,0,97,Low,6489.49
DRV01181,54,2,47.9,2,6.5,77.7,9.0,0,1,63,Medium,12558.76
DRV01182,29,11,50.5,2,0.7,52.5,4.5,1,2,66,Medium,11514.9
DRV01183,19,1,61.9,12,2.6,60.7,2.8,0,2,47,High,19092.87
DRV01184,53,35,79.1,1,2.3,88.2,21.4,0,0,89,Low,6056.67
DRV01185,25,7,55.2,5,3.1,21.6,7.8,0,0,85,Low,6468.72
DRV01186,67,31,38.3,0,2.8,23.2,4.3,0,0,100,Low,6072.01
DRV01187,47,24,39.5,0,3.1,43.2,6.6,0,2,84,Medium,11567.89
DRV01188,69,43,58.1,6,2.5,37.1,4.1,0,0,84,Low,5126.26
DRV01189,47,16,26.1,2,5.0,47.0,17.4,1,0,79,Low,7301.61
DRV01190,21,0,61.8,1,7.5,66.5,11.9,0,2,55,Medium,14551.71
DRV01191,64,36,83.9,0,1.2,19.3,20.7,0,0,93,Low,6211.29
DRV01192,48,8,43.2,0,4.2,15.8,0.5,0,0,95,Low,5820.92
DRV01193,25,2,39.8,5,1.0,68.4,29.5,3,0,50,Medium,13578.85
DRV01194,25,1,69.7,0,4.2,63.7,3.4,1,0,75,Low,7855.05
DRV01195,57,13,78.3,2,2.2,55.2,14.7,2,1,60,Medium,12353.82
DRV01196,66,18,61.1,0,3.7,57.3,10.6,2,0,83,Medium,10614.92
DRV01197,56,18,55.9,6,1.4,51.1,7.5,1,1,83,Low,7868.62
DRV01198,63,42,44.6,6,3.9,38.7,9.0,0,3,51,High,17312.11
DRV01199,42,9,58.7,7,1.7,35.4,3.5,0,0,80,Low,6202.19
DRV01200,53,31,56.3,3,2.8,62.3,2.5,0,0,100,Low,6051.87
DRV01201,51,6,51.2,7,7.9,63.6,14.0,1,0,55,Medium,12305.55
DRV01202,57,23,71.7,2,2.3,34.6,6.3,0,1,89,Low,6740.17
DRV01203,45,26,63.6,2,0.9,63.9,5.3,0,0,100,Low,4412.43
DRV01204,50,7,61.6,9,6.9,49.3,2.8,1,0,61,Medium,12174.35
DRV01205,52,0,28.9,4,2.8,43.4,1.4,4,1,43,High,19150.2
DRV01206,20,1,46.5,2,1.6,53.3,1.8,0,0,91,Low,7770.56
DRV01207,69,25,69.3,0,3.7,81.4,10.8,0,0,93,Low,5559.25
DRV01208,19,0,59.2,0,4.8,49.7,4.5,1,2,57,Medium,14735.01
DRV01209,45,12,49.6,1,0.7,53.3,3.5,0,0,100,Low,5826.39
DRV01210,24,2,79.9,0,0.7,40.7,8.8,0,2,72,Medium,13543.62
DRV01211,34,7,25,0,5.4,32.4,28.2,0,0,77,Low,8695.0
DRV01212,22,2,59.0,3,3.2,41.1,6.1,1,2,52,Medium,14728.91
DRV01213,49,14,51.6,3,5.0,35.2,7.6,0,0,86,Low,6035.64
DRV01214,31,7,56.8,2,1.8,55.4,4.1,0,1,90,Low,7365.16
DRV01215,56,18,27.4,21,2.8,21.7,16.8,0,0,53,Medium,11513.9
DRV01216,19,0,39.1,6,3.5,53.9,3.8,0,1,65,Medium,12990.07
DRV01217,52,5,60.3,5,3.8,84.3,32.5,0,0,74,Medium,12271.83
DRV01218,19,1,75.1,6,8.8,35.5,6.2,1,0,53,Medium,12963.43
DRV01219,50,14,42.5,2,2.8,36.8,4.0,0,0,92,Low,5532.69
DRV01220,23,1,66.6,0,4.0,28.3,14.2,0,2,59,Medium,13088.38
DRV01221,68,10,44.4,9,1.2,33.2,7.8,1,2,51,Medium,13483.83
DRV01222,20,2,42.5,1,6.9,78.0,8.4,0,2,58,Medium,13743.78
DRV01223,36,17,44.5,1,0.9,40.3,12.1,1,1,86,Low,7962.3
DRV01224,56,26,54.1,3,2.4,29.3,5.5,0,0,98,Low,5625.37
DRV01225,18,0,51.1,0,6.2,43.8,8.0,0,0,76,Low,7746.23
DRV01226,32,4,38.7,2,4.2,41.6,3.5,0,4,47,High,18969.43
DRV01227,54,4,38.1,0,2.0,63.2,24.9,1,1,64,Medium,13208.43
DRV01228,56,10,90.5,5,0.9,47.6,17.2,0,4,33,High,20305.11
DRV01229,53,32,69.9,7,0.4,60.1,6.2,0,0,88,Low,5891.74
DRV01230,30,11,57.1,3,2.5,53.6,19.2,2,1,61,Medium,12508.59
DRV01231,34,1,25,5,3.6,30.6,2.4,0,4,41,High,19251.83
DRV01232,57,11,77.6,11,3.6,31.6,10.9,0,3,25,High,19326.07
DRV01233,46,9,72.2,1,2.2,38.0,6.4,0,1,79,Low,6689.32
DRV01234,21,3,70.0,10,1.0,47.4,8.3,0,1,57,Medium,12423.57
DRV01235,43,6,47.4,14,4.5,56.6,12.0,1,0,48,High,16545.08
DRV01236,59,41,31.9,1,0.6,28.9,5.7,2,1,79,Medium,11563.48
DRV01237,38,13,57.8,6,2.0,52.1,7.2,0,2,60,Medium,11855.45
DRV01238,37,10,68.2,2,4.1,44.6,5.2,0,0,85,Low,6254.68
DRV01239,58,11,59.9,1,0.9,26.4,12.7,2,0,86,Medium,10634.99
DRV01240,29,1,64.1,13,7.1,65.8,31.8,0,0,35,High,16573.07
DRV01241,42,0,65.9,4,0.9,57.1,10.4,0,1,71,Medium,12214.94
DRV01242,48,18,42.0,4,4.0,45.5,8.8,0,1,67,Medium,11127.31
DRV01243,44,25,57.2,6,0.8,62.3,10.7,1,0,86,Low,7022.76
DRV01244,55,24,71.2,2,2.2,26.0,4.0,3,0,80,Medium,11567.46
DRV01245,62,14,25.1,1,6.1,46.9,1.8,0,0,89,Low,6032.79
DRV01246,39,4,79.1,0,1.1,14.2,46.5,0,0,67,Medium,10933.02
DRV01247,49,5,25.2,2,1.5,63.7,14.1,0,0,90,Low,7560.68
DRV01248,52,24,46.3,9,3.5,7.2,2.2,3,2,42,High,19237.2
DRV01249,30,0,25,15,2.1,98.5,5.0,0,2,35,High,18155.69
DRV01250,24,4,87.5,2,3.2,68.5,2.2,4,0,49,High,18773.64
DRV01251,41,8,57.6,3,7.7,55.9,15.8,1,0,66,Medium,11183.58
DRV01252,59,41,59.0,4,1.6,5,3.6,0,1,93,Low,6233.69
DRV01253,69,39,42.7,3,3.3,37.5,2.1,0,0,100,Low,5810.96
DRV01254,35,14,52.9,1,7.4,31.3,4.1,0,0,90,Low,6235.09
DRV01255,51,15,60.1,0,1.0,90.4,11.2,2,0,90,Medium,9970.9
DRV01256,29,8,82.4,4,3.7,7.6,3.1,0,0,81,Low,7224.84
DRV01257,47,13,54.5,0,8.4,53.0,29.6,1,1,61,Medium,12674.21
DRV01258,70,18,63.9,0,0.7,69.9,6.5,3,1,75,Medium,11245.94
DRV01259,35,13,63.6,3,1.1,7.9,8.1,0,1,84,Low,7005.06
DRV01260,64,1,32.3,9,0.1,58.7,5.8,1,0,70,Medium,11574.59
DRV01261,62,2,25,4,2.7,73.2,0.8,2,0,73,Medium,12110.29
DRV01262,32,4,75.4,1,2.5,48.3,13.2,1,0,71,Medium,11211.76
DRV01263,44,17,64.0,1,5.6,77.1,8.0,0,0,91,Low,6082.71
DRV01264,53,33,74.5,2,3.1,29.4,7.2,0,0,90,Low,5728.47
DRV01265,47,28,40.4,1,2.7,73.7,11.5,0,0,100,Low,5886.42
DRV01266,66,36,52.1,0,2.9,57.7,6.4,0,0,100,Low,4540.69
DRV01267,26,7,51.7,6,0.9,79.2,25.5,0,1,57,Medium,11566.55
DRV01268,45,8,61.9,11,2.1,59.9,8.9,2,2,34,High,19691.37
DRV01269,35,4,74.0,4,2.4,66.7,1.7,0,0,79,Low,6845.21
DRV01270,41,15,70.2,0,2.5,15.0,4.7,2,0,85,Medium,10341.38
DRV01271,53,20,83.3,1,0.6,15.5,14.4,0,0,91,Low,6472.68
DRV01272,23,1,64.2,11,3.5,47.6,2.2,3,1,32,High,19271.41
DRV01273,25,5,79.7,7,1.4,42.8,31.6,0,1,48,High,17157.16
DRV01274,54,8,59.3,0,2.7,53.9,0.9,0,1,91,Low,7101.28
DRV01275,50,19,44.8,1,3.7,39.9,12.4,2,0,84,Medium,10847.08
DRV01276,48,24,80.8,0,4.3,78.3,42.9,0,0,69,Medium,10497.55
DRV01277,67,46,58.6,1,1.2,41.6,14.8,1,0,96,Low,6001.14
DRV01278,68,50,55.7,2,3.4,22.5,5.7,0,0,100,Low,5979.5
DRV01279,63,16,86.7,2,3.6,12.9,6.4,2,1,54,Medium,11894.69
DRV01280,43,4,44.1,0,7.6,42.6,16.5,0,0,86,Low,7832.07
DRV01281,28,3,34.2,0,0.5,32.7,1.7,0,0,100,Low,6226.73
DRV01282,32,1,109.7,2,3.3,23.4,12.7,0,1,48,High,17472.87
DRV01283,42,1,54.1,4,2.6,34.2,14.9,2,1,56,Medium,13665.24
DRV01284,21,0,67.1,6,1.0,68.9,17.2,2,3,23,High,20718.49
DRV01285,34,14,43.2,0,1.9,23.2,9.8,1,2,68,Medium,12310.72
DRV01286,40,22,57.0,4,4.9,12.1,6.2,0,2,73,Medium,12185.0
DRV01287,26,0,70.2,2,5.2,30.4,2.1,1,2,63,Medium,13762.58
DRV01288,39,19,50.6,3,2.2,38.1,6.8,0,0,94,Low,5783.66
DRV01289,54,0,48.1,2,0.6,29.0,17.1,0,1,75,Low,9210.08
DRV01290,35,4,49.7,4,3.8,5,12.1,0,0,83,Low,7270.99
DRV01291,42,24,63.4,1,1.5,36.5,4.7,0,2,85,Medium,11416.59
DRV01292,52,16,60.3,0,1.2,55.8,6.3,0,1,96,Low,6350.27
DRV01293,44,26,51.3,0,6.3,27.8,5.2,2,0,81,Medium,10647.81
DRV01294,26,0,53.2,12,6.1,83.4,11.4,0,2,33,High,18841.2
DRV01295,55,37,59.8,2,1.6,27.4,8.3,0,0,100,Low,4906.19
DRV01296,40,16,62.8,16,1.0,65.0,3.1,2,0,54,Medium,11771.78
DRV01297,30,6,55.0,4,4.1,34.1,2.2,0,0,80,Low,6477.55
DRV01298,18,0,42.4,5,3.2,37.8,7.4,0,1,64,Medium,13899.49
DRV01299,62,30,70.1,1,3.3,79.9,18.9,2,0,76,Medium,10092.51
DRV01300,31,1,43.2,11,3.3,41.2,35.4,0,3,20,High,20770.3
DRV01301,24,4,74.6,2,1.5,77.3,3.3,4,0,60,Medium,13353.58
DRV01302,23,2,49.5,4,5.7,117.8,28.6,0,3,39,High,19778.41
DRV01303,63,12,50.8,5,4.4,13.8,5.7,0,2,67,Medium,12710.56
DRV01304,40,4,55.5,1,1.4,37.4,19.4,0,2,63,Medium,13294.8
DRV01305,18,0,42.1,1,7.9,83.3,7.1,0,0,77,Low,8469.98
DRV01306,19,0,64.9,4,7.5,47.4,2.3,2,0,61,Medium,13197.35
DRV01307,51,13,78.5,1,8.4,76.7,7.7,0,1,66,Medium,11485.99
DRV01308,49,0,42.7,3,2.3,47.8,26.2,0,1,66,Medium,12508.44
DRV01309,62,25,64.1,2,2.5,43.7,6.2,1,0,89,Low,5727.8
DRV01310,45,12,82.1,3,1.4,43.4,8.2,1,0,75,Low,7195.71
DRV01311,28,6,79.9,0,1.9,85.2,4.8,0,2,65,Medium,13213.67
DRV01312,62,20,57.0,4,8.7,61.7,9.8,3,1,48,High,16322.38
DRV01313,27,3,52.4,4,4.7,5,7.5,0,1,73,Medium,11637.33
DRV01314,36,14,68.1,1,0.6,45.5,4.9,0,1,91,Low,6157.23
DRV01315,23,5,73.7,3,2.6,7.8,17.2,0,1,69,Medium,12053.92
DRV01316,35,15,49.4,3,10,71.1,5.6,2,1,58,Medium,12316.97
DRV01317,33,13,45.6,7,2.5,67.7,12.5,3,0,60,Medium,12543.52
DRV01318,23,1,49.5,3,10,67.2,2.6,1,1,49,High,18522.12
DRV01319,54,24,33.4,0,2.9,75.9,3.5,1,4,58,High,18970.61
DRV01320,70,18,80.5,1,3.5,59.6,8.2,1,2,63,Medium,13545.57
DRV01321,46,18,38.0,2,0.9,66.3,14.1,0,0,96,Low,5731.66
DRV01322,25,1,44.3,0,1.2,70.3,5.5,1,1,83,Low,8983.74
DRV01323,59,10,83.5,4,5.1,7.2,6.8,0,2,50,Medium,13240.0
DRV01324,45,12,51.2,0,0.7,25.7,7.1,0,0,100,Low,5531.61
DRV01325,38,20,25,0,5.0,39.7,2.2,0,2,83,Medium,11769.09
DRV01326,56,19,61.0,6,2.5,79.0,16.1,0,0,87,Low,6512.02
DRV01327,40,11,53.1,1,4.5,19.9,13.6,0,0,84,Low,6627.62
DRV01328,70,42,43.6,0,1.2,5,13.1,1,0,95,Low,6872.77
DRV01329,62,44,71.2,1,2.3,11.1,8.4,0,0,90,Low,5961.06
DRV01330,53,29,67.9,3,3.2,52.4,2.8,0,0,89,Low,4573.51
DRV01331,53,14,74.0,3,7.0,28.9,10.8,0,0,72,Medium,9989.68
DRV01332,27,3,98.9,16,1.2,40.1,12.9,0,0,33,High,16775.68
DRV01333,27,2,75.5,2,2.4,102.5,13.2,0,1,70,Medium,12027.82
DRV01334,58,30,65.9,7,2.5,34.5,5.7,0,1,77,Low,7837.38
DRV01335,37,3,49.9,0,4.7,30.6,7.6,0,1,76,Low,7851.25
DRV01336,64,30,49.3,1,1.8,28.2,7.2,0,0,100,Low,5117.81
DRV01337,23,3,70.5,0,6.4,45.3,6.6,0,1,66,Medium,11850.59
DRV01338,31,9,49.3,1,1.4,75.2,5.4,0,0,94,Low,5394.2
DRV01339,24,1,57.1,1,6.1,37.7,10.8,0,0,76,Low,7567.54
DRV01340,28,6,39.6,0,4.1,49.6,3.4,1,0,92,Low,6837.38
DRV01341,51,30,48.1,1,4.4,27.8,13.6,2,1,72,Medium,12580.82
DRV01342,58,24,53.1,12,4.8,61.6,13.8,0,0,68,Medium,10677.58
DRV01343,19,1,42.5,19,3.7,50.0,8.3,0,0,40,High,17034.84
DRV01344,43,9,38.7,10,2.2,33.9,1.4,0,0,73,Medium,10927.03
DRV01345,48,6,83.5,14,3.7,57.2,3.0,1,0,42,High,16455.84
DRV01346,31,0,50.7,5,1.3,17.7,3.9,0,0,79,Low,8622.02
DRV01347,38,19,53.2,7,8.4,76.3,13.0,0,1,61,Medium,12752.38
DRV01348,66,16,84.9,1,1.5,7.4,21.2,0,0,78,Low,6114.22
DRV01349,33,7,77.3,1,3.8,5,11.9,0,0,80,Low,6017.49
DRV01350,62,35,63.4,3,3.2,63.1,17.4,0,0,91,Low,5369.09
DRV01351,51,17,65.6,13,2.8,56.2,4.1,1,0,60,Medium,11739.55
DRV01352,40,6,52.2,2,2.2,84.7,3.4,0,0,91,Low,6884.09
DRV01353,37,12,66.2,3,3.7,42.1,3.5,0,0,93,Low,6363.23
DRV01354,47,10,78.1,3,4.0,10.7,12.1,2,3,28,High,19547.46
DRV01355,69,5,77.4,11,1.8,32.6,6.1,0,0,64,Medium,11586.78
DRV01356,52,23,68.3,8,1.4,52.8,1.4,0,0,87,Low,6141.0
DRV01357,24,0,50.5,5,2.6,81.6,15.2,1,0,72,Medium,12409.96
DRV01358,59,20,49.7,3,1.9,5,14.8,2,0,80,Medium,12168.1
DRV01359,37,6,61.0,1,7.0,41.0,23.5,0,0,76,Low,8033.49
DRV01360,64,10,60.7,20,4.3,60.2,3.4,0,4,20,High,21807.15
DRV01361,32,0,60.3,2,0.7,66.0,15.1,0,3,63,High,18790.15
DRV01362,27,7,46.6,6,1.7,33.9,4.1,0,0,92,Low,6111.48
DRV01363,65,37,46.4,2,1.6,41.6,17.1,0,0,96,Low,5845.88
DRV01364,69,37,68.4,9,0.3,8.1,3.9,1,0,80,Low,6587.02
DRV01365,70,46,32.2,4,3.6,71.4,9.5,0,2,67,Medium,12255.37
DRV01366,56,11,62.6,1,3.5,44.5,15.4,0,2,70,Medium,12357.15
DRV01367,56,2,64.9,4,2.4,17.9,5.8,0,1,75,Low,8294.71
DRV01368,58,12,31.9,0,1.4,60.4,10.7,0,1,95,Low,6796.32
DRV01369,69,47,40.1,8,0.6,24.5,6.0,1,0,84,Low,6842.84
DRV01370,57,39,57.8,3,5.8,70.5,3.0,0,2,79,Medium,11531.94
DRV01371,33,7,48.5,0,1.0,42.6,15.4,0,2,67,Medium,13150.14
DRV01372,30,11,55.8,6,1.4,11.3,6.2,1,0,82,Low,6550.59
DRV01373,56,37,60.2,2,2.4,46.3,19.8,0,1,80,Low,7878.91
DRV01374,46,15,56.8,0,2.7,85.3,3.8,1,0,95,Low,6318.11
DRV01375,49,30,53.9,9,3.7,61.3,2.5,0,0,82,Low,6137.27
DRV01376,41,18,56.5,3,1.0,34.1,29.2,0,0,84,Low,5957.92
DRV01377,60,37,44.0,2,5.5,62.8,8.1,1,1,77,Low,7731.89
DRV01378,42,2,51.7,2,4.5,64.0,2.8,0,1,75,Low,8175.45
DRV01379,35,17,64.8,7,0.7,34.3,4.1,3,0,74,Medium,11840.41
DRV01380,50,7,53.2,8,3.5,19.0,0.6,0,0,76,Low,6906.7
DRV01381,37,9,58.0,4,0.5,5,11.8,2,0,72,Medium,11308.1
DRV01382,38,16,45.8,1,2.5,82.7,7.9,1,1,81,Low,7064.11
DRV01383,60,11,64.7,10,1.2,56.5,4.8,0,0,68,Medium,10094.39
DRV01384,67,44,62.6,7,2.8,40.2,8.0,4,0,57,Medium,12386.72
DRV01385,28,8,55.5,3,0.6,37.0,8.3,1,0,86,Low,6999.67
DRV01386,30,11,65.7,3,1.4,66.5,6.5,1,0,91,Low,6010.04
DRV01387,53,0,76.7,0,2.6,36.0,4.0,1,0,73,Medium,11596.12
DRV01388,45,5,69.8,10,3.6,11.8,23.5,1,0,42,High,15800.68
DRV01389,52,25,65.8,1,3.6,71.7,3.0,0,1,90,Low,6257.28
DRV01390,32,11,52.3,3,3.3,41.1,7.0,1,1,77,Low,8326.26
DRV01391,63,44,97.2,2,2.4,55.4,8.3,0,1,81,Low,8014.99
DRV01392,52,33,76.8,1,6.4,68.6,9.3,0,0,83,Low,6026.32
DRV01393,55,26,40.7,1,5.1,33.8,9.9,0,1,84,Low,6233.31
DRV01394,42,11,48.1,3,6.3,6.0,7.1,0,0,81,Low,6854.37
DRV01395,54,10,51.7,1,2.8,62.2,19.7,2,0,70,Medium,11051.23
DRV01396,58,30,71.8,2,6.3,74.0,7.8,0,1,70,Medium,10847.4
DRV01397,49,16,35.3,7,1.9,34.7,12.9,0,0,84,Low,7019.14
DRV01398,51,21,65.1,3,3.5,85.5,6.0,0,0,99,Low,5619.49
DRV01399,60,40,42.0,0,2.5,45.8,1.6,0,2,93,Medium,11146.11
DRV01400,35,17,65.6,0,1.5,28.4,11.0,2,1,74,Medium,11859.58
DRV01401,70,34,36.9,5,1.8,37.5,8.2,0,2,70,Medium,11987.43
DRV01402,18,0,62.9,1,2.5,48.0,2.8,1,0,85,Low,9400.11
DRV01403,40,12,52.6,5,1.4,77.6,11.0,5,0,48,High,17195.7
DRV01404,48,29,57.4,0,3.0,43.3,3.0,0,2,88,Medium,11404.02
DRV01405,36,9,69.6,3,1.8,42.3,8.3,0,2,71,Medium,13254.26
DRV01406,42,4,59.9,1,2.2,35.9,4.2,0,0,94,Low,7525.72
DRV01407,59,18,54.4,2,3.1,50.2,11.0,0,1,82,Low,6663.6
DRV01408,24,6,63.2,1,0.2,32.4,17.7,0,2,71,Medium,12733.81
DRV01409,65,15,39.5,11,5.5,69.7,13.7,0,1,50,Medium,11665.6
DRV01410,33,11,34.3,1,2.1,35.0,15.0,2,0,80,Medium,10852.59
DRV01411,25,5,35.9,2,0.6,50.2,10.7,0,1,81,Low,8459.41
DRV01412,35,15,59.9,0,6.5,70.7,30.6,2,0,69,Medium,10601.47
DRV01413,25,5,36.2,15,2.9,29.9,26.9,0,0,45,High,16491.57
DRV01414,30,1,41.6,8,0.7,43.3,24.5,1,0,64,Medium,12302.19
DRV01415,50,11,65.8,1,1.3,19.7,4.4,0,0,96,Low,5214.86
DRV01416,25,7,52.1,7,1.5,25.0,4.9,1,0,67,Medium,11085.48
DRV01417,40,13,53.9,1,2.4,33.8,9.5,2,1,65,Medium,12538.26
DRV01418,37,7,62.0,3,3.8,71.3,13.6,3,0,56,Medium,12214.11
DRV01419,68,1,55.1,3,3.6,37.1,12.0,0,3,48,High,18625.48
DRV01420,63,5,42.1,2,1.9,41.8,6.1,2,1,66,Medium,12239.96
DRV01421,46,5,27.6,6,5.4,29.6,10.5,1,2,47,High,18398.78
DRV01422,46,23,35.6,3,10,28.5,25.9,0,0,65,Medium,9612.76
DRV01423,46,28,60.4,1,3.9,50.0,23.2,1,0,75,Low,6749.67
DRV01424,51,25,65.5,0,3.4,46.7,8.6,1,0,83,Low,5222.48
DRV01425,52,5,52.4,3,7.0,100.8,29.4,0,2,47,High,17596.99
DRV01426,54,3,51.8,7,1.5,57.9,2.6,0,0,80,Low,6456.59
DRV01427,47,23,88.3,1,1.0,51.4,11.9,0,0,91,Low,5975.53
DRV01428,54,30,49.9,1,1.0,80.4,10.7,1,2,76,Medium,12007.75
DRV01429,38,1,67.8,5,1.5,34.1,6.9,1,0,68,Medium,11917.33
DRV01430,46,2,61.0,5,2.5,69.7,7.1,0,0,78,Low,7677.99
DRV01431,66,27,77.1,1,4.8,66.3,6.7,0,1,76,Low,6927.67
DRV01432,68,7,68.7,1,1.1,59.8,5.1,0,2,69,Medium,12027.4
DRV01433,67,41,56.9,9,1.9,49.6,7.5,0,1,73,Medium,11079.42
DRV01434,24,4,75.8,11,4.4,47.9,10.9,2,0,39,High,18785.95
DRV01435,25,0,65.7,0,3.1,76.5,5.5,0,0,93,Low,6356.75
DRV01436,34,8,50.2,3,3.8,24.4,21.8,0,0,82,Low,7156.09
DRV01437,34,0,49.1,3,9.0,41.7,10.2,2,1,39,High,19046.18
DRV01438,33,10,25.1,0,3.1,36.1,21.4,2,2,55,Medium,13174.47
DRV01439,20,0,54.3,2,3.4,63.4,9.8,0,1,75,Low,9182.36
DRV01440,32,3,35.6,2,5.5,70.9,13.4,3,0,61,Medium,12277.91
DRV01441,19,0,42.6,1,6.8,41.3,26.9,0,0,73,Medium,12482.34
DRV01442,46,14,66.4,1,0.3,62.2,9.9,1,0,92,Low,6414.95
DRV01443,67,15,70.3,0,3.1,18.9,2.8,0,1,83,Low,6251.88
DRV01444,55,35,31.9,16,1.5,54.3,2.4,0,0,70,Medium,10677.98
DRV01445,62,41,53.4,0,3.5,34.9,1.5,0,0,100,Low,5161.16
DRV01446,18,0,41.3,4,0.6,40.5,6.7,0,1,75,Low,9163.37
DRV01447,41,6,41.1,0,2.2,64.2,6.4,0,0,100,Low,6037.69
DRV01448,18,0,61.4,2,1.4,32.0,14.5,0,0,86,Low,7593.64
DRV01449,65,32,51.8,1,1.1,49.6,30.0,0,0,96,Low,6312.33
DRV01450,54,10,25,0,2.0,26.0,4.9,2,3,58,High,18864.79
DRV01451,23,5,50.9,0,0.8,56.1,1.0,1,0,99,Low,6260.84
DRV01452,42,19,81.7,2,4.3,53.1,4.9,0,1,74,Medium,10597.61
DRV01453,53,1,81.6,1,2.2,41.4,12.2,0,0,82,Low,8062.6
DRV01454,38,17,31.2,0,2.7,25.4,17.9,2,0,75,Medium,10296.29
DRV01455,50,26,70.5,28,1.8,67.2,1.2,0,1,38,High,16901.92
DRV01456,25,0,35.8,3,0.8,49.9,1.8,1,0,87,Low,6990.64
DRV01457,30,6,37.8,0,1.4,23.6,5.0,0,0,99,Low,6039.24
DRV01458,28,1,64.8,2,1.8,109.4,2.2,1,0,84,Low,7514.3
DRV01459,18,0,58.7,0,1.5,47.2,1.0,0,0,95,Low,6986.78
DRV01460,33,3,57.0,2,6.4,46.7,2.6,0,0,75,Low,6622.1
DRV01461,23,3,34.0,0,1.6,31.7,4.5,1,1,84,Low,8579.06
DRV01462,47,23,57.0,0,7.0,40.9,11.1,0,2,76,Medium,11562.7
DRV01463,34,12,58.2,10,7.6,55.7,10.4,0,0,68,Medium,11290.83
DRV01464,46,2,75.6,0,0.9,35.5,14.1,0,0,78,Low,6722.48
DRV01465,27,0,62.6,7,0.3,65.3,6.5,0,0,74,Medium,12062.62
DRV01466,56,38,57.9,4,0.6,79.7,31.8,1,1,67,Medium,11853.25
DRV01467,50,9,78.4,2,4.0,31.3,10.7,0,0,77,Low,6993.27
DRV01468,32,12,77.4,0,2.0,30.2,4.9,0,0,94,Low,5916.17
DRV01469,67,35,77.3,1,3.6,38.7,21.2,0,0,80,Low,5393.91
DRV01470,25,0,78.1,0,1.8,60.1,1.9,0,0,88,Low,7288.84
DRV01471,65,11,68.6,3,0.7,97.5,1.3,3,1,70,Medium,12753.46
DRV01472,45,24,39.8,5,5.7,101.4,5.4,0,2,62,Medium,11314.14
DRV01473,46,13,89.2,1,4.3,44.3,0.6,1,1,69,Medium,12578.33
DRV01474,49,9,57.1,12,0.8,70.2,10.8,0,0,67,Medium,10051.15
DRV01475,60,11,25,2,8.6,91.6,7.7,1,0,74,Medium,10907.67
DRV01476,22,4,82.1,2,3.6,13.8,26.5,0,0,68,Medium,12062.53
DRV01477,21,1,55.2,14,1.0,53.0,10.0,0,0,60,Medium,13366.25
DRV01478,69,13,53.1,2,5.8,67.2,3.7,0,1,77,Low,7275.79
DRV01479,65,22,64.4,6,0.3,63.8,15.9,1,0,85,Low,7225.18
DRV01480,57,31,61.0,0,1.2,18.2,6.2,0,0,100,Low,4645.36
DRV01481,29,11,75.7,3,2.7,59.5,8.0,1,0,78,Low,7186.92
DRV01482,20,0,82.7,1,1.4,71.9,2.5,0,0,83,Low,7836.05
DRV01483,57,33,31.5,1,1.1,68.6,14.0,0,0,100,Low,6912.51
DRV01484,30,1,41.2,3,4.1,31.0,2.4,0,0,80,Low,8203.53
DRV01485,70,7,59.6,2,0.9,87.9,19.6,0,1,82,Low,7463.12
DRV01486,27,5,49.0,5,0.6,17.6,2.8,2,1,66,Medium,12588.81
DRV01487,41,0,53.6,12,2.2,41.0,3.9,0,0,56,Medium,11613.37
DRV01488,46,16,57.4,6,4.0,20.9,4.9,0,0,81,Low,5780.53
DRV01489,67,39,28.2,0,1.5,56.5,19.3,0,0,100,Low,4957.2
DRV01490,49,21,60.4,8,3.7,42.1,17.4,1,0,71,Medium,10828.28
DRV01491,28,10,56.6,0,2.5,96.3,12.2,0,1,82,Low,7534.58
DRV01492,47,8,43.5,1,2.8,64.2,2.2,0,0,100,Low,5873.96
DRV01493,62,9,62.6,0,2.6,52.3,3.6,0,0,98,Low,5908.58
DRV01494,70,41,45.8,6,1.9,45.4,10.9,0,0,89,Low,6130.53
DRV01495,19,0,55.6,2,0.3,58.8,17.2,1,4,37,High,21050.39
DRV01496,68,15,61.8,3,2.1,95.9,19.5,0,1,80,Low,7677.16
DRV01497,69,37,65.3,0,3.0,5,6.5,2,0,89,Medium,9227.15
DRV01498,49,21,61.0,3,6.3,35.9,2.8,0,2,67,Medium,11240.59
DRV01499,69,38,46.8,1,1.2,52.1,8.6,5,1,55,Medium,14012.2
DRV01500,27,0,47.2,0,1.5,68.2,9.2,1,1,62,Medium,12679.98
DRV01501,66,14,32.6,0,3.1,52.5,4.3,1,2,70,Medium,12090.21
DRV01502,47,21,60.1,3,2.1,55.0,7.8,4,2,52,Medium,15124.7
DRV01503,37,1,41.9,0,2.8,56.0,15.6,3,2,42,High,18491.93
DRV01504,31,11,25,2,5.1,31.8,3.3,0,0,89,Low,6016.02
DRV01505,60,1,63.7,11,1.6,20.3,6.7,0,0,67,Medium,10913.97
DRV01506,56,9,37.3,5,1.4,53.1,6.5,1,0,84,Low,6764.94
DRV01507,39,11,57.5,0,8.0,73.7,3.6,0,0,90,Low,5606.43
DRV01508,31,2,67.3,11,1.2,53.5,19.6,1,1,36,High,17957.02
DRV01509,49,6,53.1,1,4.2,51.8,3.1,0,0,91,Low,6819.79
DRV01510,24,6,39.3,0,0.4,62.4,8.2,0,0,100,Low,7002.88
DRV01511,35,5,52.5,7,0.7,30.9,32.2,2,1,51,Medium,14720.9
DRV01512,46,28,64.0,4,1.4,5,4.9,1,0,89,Low,6708.71
DRV01513,33,0,25,0,2.5,33.0,5.5,0,1,84,Low,7699.89
DRV01514,24,5,37.2,1,2.9,24.2,11.8,0,1,76,Low,8926.78
DRV01515,70,27,86.1,5,2.9,64.5,24.4,0,1,59,Medium,12174.4
DRV01516,49,16,42.0,1,7.6,24.4,9.9,0,2,69,Medium,12441.55
DRV01517,60,6,29.8,0,0.6,29.7,2.4,1,0,97,Low,6088.19
DRV01518,35,8,25,3,1.3,34.1,4.1,0,0,96,Low,6517.67
DRV01519,59,21,34.0,0,2.2,101.7,17.1,0,0,95,Low,5479.95
DRV01520,53,18,54.3,0,1.2,32.6,7.8,0,0,100,Low,4987.94
DRV01521,65,47,35.6,0,8.0,39.8,20.8,0,2,61,Medium,11849.92
DRV01522,21,0,84.1,2,0.8,97.0,12.3,0,0,79,Low,9054.65
DRV01523,35,2,26.5,1,1.1,27.1,2.4,0,0,88,Low,7191.12
DRV01524,35,15,48.1,2,0.9,80.4,16.4,0,0,95,Low,5491.62
DRV01525,54,10,40.3,9,2.0,6.3,2.1,0,0,80,Low,7037.41
DRV01526,18,0,67.1,5,0.9,57.2,6.1,0,2,54,Medium,14311.71
DRV01527,58,8,56.5,0,5.1,80.7,3.4,0,0,95,Low,5542.56
DRV01528,61,20,51.9,0,1.3,19.5,0.6,0,0,100,Low,4861.11
DRV01529,54,12,90.0,5,3.9,36.2,8.5,2,3,28,High,20549.64
DRV01530,52,18,70.4,8,2.1,43.2,21.1,0,2,42,High,16398.89
DRV01531,38,13,53.5,2,1.3,21.5,5.6,1,1,76,Low,8318.21
DRV01532,67,40,76.5,0,3.9,20.2,3.8,0,1,82,Low,6690.0
DRV01533,68,42,72.9,5,3.6,38.1,19.5,1,0,77,Low,6922.27
DRV01534,33,8,75.7,0,5.3,64.2,4.0,0,0,94,Low,6412.59
DRV01535,39,1,72.7,0,0.7,42.7,5.0,1,0,84,Low,7916.51
DRV01536,30,8,51.7,1,2.9,39.2,12.4,0,0,99,Low,6131.69
DRV01537,27,7,53.6,2,2.5,48.6,18.8,0,3,57,High,17858.63
DRV01538,31,11,25,0,3.8,38.9,4.1,0,2,73,Medium,11015.97
DRV01539,61,7,66.9,0,2.6,94.4,5.8,0,0,93,Low,6293.91
DRV01540,40,8,68.7,9,1.4,36.4,9.3,0,0,64,Medium,11058.54
DRV01541,20,1,64.9,1,1.9,35.3,1.7,0,0,89,Low,7665.16
DRV01542,50,28,64.8,7,4.2,49.3,4.0,0,0,79,Low,5882.44
DRV01543,35,8,74.5,0,2.2,61.2,22.0,0,0,70,Medium,9547.83
DRV01544,28,5,77.4,1,1.6,18.6,3.5,0,1,80,Low,8393.35
DRV01545,64,45,55.6,15,0.1,82.7,10.0,2,0,61,Medium,11764.53
DRV01546,43,23,55.5,3,0.3,68.8,12.1,0,0,96,Low,5679.09
DRV01547,59,40,52.0,1,3.2,53.7,5.5,0,1,97,Low,6975.88
DRV01548,59,22,66.9,2,3.0,35.2,7.7,0,1,87,Low,6738.96
DRV01549,60,19,63.0,1,3.3,41.1,9.0,0,2,82,Medium,11571.47
DRV01550,39,1,50.5,7,2.4,15.1,5.1,2,0,64,Medium,12426.35
DRV01551,33,14,56.2,2,1.5,73.1,14.1,0,0,91,Low,4791.76
DRV01552,25,2,62.2,2,9.0,61.9,14.0,1,1,46,High,17640.41
DRV01553,45,10,63.4,4,3.0,87.7,8.2,1,1,65,Medium,11035.97
DRV01554,50,30,61.5,7,7.1,47.6,27.0,1,0,60,Medium,11546.22
DRV01555,47,1,55.6,2,9.3,95.1,8.8,0,2,51,Medium,13410.25
DRV01556,28,9,79.8,8,3.0,32.8,12.1,1,2,49,High,19073.57
DRV01557,70,34,74.8,3,2.6,36.2,22.6,0,2,66,Medium,12425.46
DRV01558,37,19,56.7,1,0.4,72.4,12.4,1,3,72,High,17844.21
DRV01559,38,9,49.2,4,1.0,16.4,11.6,0,4,47,High,19000.38
DRV01560,39,17,57.1,1,4.1,48.6,5.8,1,1,82,Low,6764.47
DRV01561,70,47,80.9,0,3.0,65.6,0.5,3,0,77,Medium,11444.24
DRV01562,59,33,34.5,9,0.6,28.6,27.3,0,1,71,Medium,12272.5
DRV01563,50,5,52.9,2,0.6,62.1,47.5,0,0,70,Medium,11398.85
DRV01564,19,0,25,12,0.7,42.3,3.7,3,0,43,High,17917.67
DRV01565,37,16,40.2,4,3.3,99.5,6.8,1,0,83,Low,6636.8
DRV01566,52,0,39.0,0,4.0,63.0,9.4,0,0,86,Low,7253.58
DRV01567,57,7,36.1,6,4.8,57.2,5.8,1,0,66,Medium,10745.54
DRV01568,39,16,44.2,9,6.0,5,3.9,0,1,56,Medium,10708.08
DRV01569,27,3,46.3,0,2.6,52.7,16.5,0,1,86,Low,8253.08
DRV01570,36,7,51.9,5,2.3,57.0,8.4,0,0,80,Low,6917.28
DRV01571,35,0,90.0,7,1.8,39.1,10.2,0,1,46,High,17719.33
DRV01572,51,23,53.8,2,2.6,85.4,20.5,0,1,86,Low,7616.84
DRV01573,54,31,88.8,4,1.3,38.5,10.6,3,0,64,Medium,12585.01
DRV01574,43,2,96.1,3,2.6,35.8,6.9,0,2,42,High,17875.45
DRV01575,55,35,58.2,3,3.0,69.1,11.4,0,1,79,Low,7596.22
DRV01576,18,0,66.9,0,3.4,60.7,5.3,0,0,81,Low,7300.69
DRV01577,66,38,100.3,2,0.4,85.4,6.0,4,1,51,Medium,14244.33
DRV01578,57,4,71.1,4,1.9,42.5,2.3,0,0,80,Low,6619.82
DRV01579,58,34,53.9,3,2.8,49.2,15.1,1,1,74,Medium,11029.03
DRV01580,18,0,39.8,0,3.3,22.0,45.5,0,3,45,High,21200.53
DRV01581,53,25,84.6,11,7.9,88.0,14.3,0,0,56,Medium,11403.24
DRV01582,41,7,57.2,3,2.6,46.7,8.5,0,1,74,Medium,10755.11
DRV01583,67,18,59.1,1,1.0,45.7,4.9,0,1,94,Low,6802.88
DRV01584,18,0,39.3,4,0.7,48.7,7.0,0,0,80,Low,7050.51
DRV01585,27,5,71.2,3,5.6,13.7,10.4,0,0,72,Medium,9862.11
DRV01586,37,8,65.5,3,6.6,31.8,1.2,0,2,61,Medium,12253.42
DRV01587,22,0,51.6,1,6.6,22.7,21.2,4,1,40,High,19162.2
DRV01588,23,3,44.2,0,3.5,5,5.6,3,0,72,Medium,12156.06
DRV01589,40,16,72.8,5,5.7,48.2,6.5,0,1,63,Medium,10505.25
DRV01590,33,3,62.4,2,3.0,44.5,0.8,1,0,79,Low,8307.82
DRV01591,25,4,109.3,1,1.2,40.6,11.0,0,0,75,Low,9396.35
DRV01592,64,2,59.1,6,3.6,71.1,5.8,1,1,58,Medium,13043.89
DRV01593,43,10,71.6,0,2.8,79.0,29.5,0,0,82,Low,7647.68
DRV01594,56,29,48.4,2,3.3,92.5,20.0,0,1,77,Low,6915.74
DRV01595,20,2,79.9,5,4.0,106.1,11.0,1,2,38,High,19785.24
DRV01596,23,1,43.2,6,2.4,5,10.9,0,0,76,Low,7665.13
DRV01597,60,7,75.9,0,4.8,70.6,1.0,2,1,53,Medium,12861.73
DRV01598,41,22,54.7,4,6.9,75.0,15.4,0,1,72,Medium,11598.38
DRV01599,22,2,53.2,3,2.2,54.0,5.7,0,0,79,Low,7892.73
DRV01600,29,3,45.5,1,0.3,83.9,2.3,0,0,100,Low,5459.95
DRV01601,18,0,74.1,0,1.6,32.0,5.1,0,0,82,Low,7645.26
DRV01602,59,40,30.5,3,1.0,67.8,1.3,0,0,100,Low,5448.1
DRV01603,47,24,45.6,3,1.6,67.5,14.3,0,0,95,Low,5236.43
DRV01604,26,7,40.9,2,1.9,83.8,23.2,0,0,80,Low,7563.91
DRV01605,56,18,45.3,1,0.8,5,13.6,0,0,97,Low,4971.69
DRV01606,36,9,59.2,2,5.0,23.9,9.8,0,0,96,Low,6546.74
DRV01607,44,3,69.4,1,2.7,5.3,6.1,0,0,87,Low,6674.9
DRV01608,30,5,59.8,2,0.4,39.8,8.7,1,0,84,Low,7235.58
DRV01609,45,1,48.1,0,1.1,69.2,2.3,0,0,96,Low,7262.11
DRV01610,34,11,63.4,1,3.9,83.3,9.1,1,1,78,Low,7755.08
DRV01611,52,25,33.8,1,5.5,63.8,8.5,0,0,99,Low,5128.49
DRV01612,49,16,43.7,2,3.0,26.0,16.0,1,0,83,Low,7400.63
DRV01613,69,41,66.3,0,2.3,57.1,4.8,0,1,93,Low,6078.26
DRV01614,61,8,72.1,2,1.7,131.0,11.5,0,0,79,Low,6932.65
DRV01615,47,12,42.1,0,1.3,26.3,5.1,0,1,97,Low,6167.66
DRV01616,20,0,58.7,3,1.7,63.2,2.2,0,1,75,Low,8920.38
DRV01617,31,4,51.9,3,1.2,48.3,22.2,1,2,52,Medium,14427.71
DRV01618,39,4,62.4,10,2.1,43.0,12.9,0,0,72,Medium,11492.09
DRV01619,43,25,55.4,4,1.4,65.6,3.7,0,0,100,Low,5601.66
DRV01620,64,32,56.7,2,0.4,42.0,0.4,0,0,100,Low,5124.46
DRV01621,28,9,44.4,3,0.8,47.6,14.0,0,0,92,Low,6127.31
DRV01622,61,41,70.3,5,3.2,28.0,8.3,2,2,50,Medium,13609.07
DRV01623,20,0,55.2,2,7.0,33.0,32.1,3,1,30,High,20591.86
DRV01624,38,19,36.8,0,10,50.9,16.3,0,0,79,Low,6075.25
DRV01625,56,4,56.3,2,0.5,101.1,33.2,0,0,77,Low,6830.71
DRV01626,27,6,60.7,0,1.1,22.6,12.4,0,0,94,Low,5723.5
DRV01627,52,4,39.3,1,1.9,5,16.3,0,1,85,Low,8110.59
DRV01628,26,3,75.4,4,2.0,5,4.0,1,0,71,Medium,10705.78
DRV01629,62,31,75.7,2,1.1,59.3,4.6,0,0,95,Low,5952.79
DRV01630,36,2,54.1,4,5.6,52.9,7.4,1,0,61,Medium,11542.6
DRV01631,35,12,81.8,2,5.0,53.6,11.7,0,1,66,Medium,11534.34
DRV01632,57,28,67.1,0,2.4,67.8,2.8,2,1,78,Medium,10896.05
DRV01633,35,10,25,11,2.1,48.3,7.1,0,3,42,High,18935.35
DRV01634,18,0,76.4,1,6.8,57.4,10.7,1,0,59,Medium,13122.67
DRV01635,38,3,77.2,7,1.7,89.7,12.3,0,0,69,Medium,11143.48
DRV01636,51,26,106.3,0,6.5,5,24.1,1,0,63,Medium,11893.15
DRV01637,20,2,46.8,0,1.5,101.8,16.0,0,1,81,Low,10093.82
DRV01638,67,17,57.8,4,0.3,31.4,13.9,0,0,98,Low,4996.37
DRV01639,54,31,66.4,18,3.6,62.4,7.2,0,0,60,Medium,10682.51
DRV01640,40,12,58.2,17,2.1,20.1,15.3,0,1,42,High,16549.36
DRV01641,45,0,68.9,1,4.6,77.0,1.7,0,2,57,Medium,12741.41
DRV01642,39,16,52.2,0,1.4,93.2,18.5,0,0,93,Low,5625.92
DRV01643,25,4,89.3,5,5.5,68.9,10.0,0,1,51,Medium,12703.52
DRV01644,43,22,25,0,2.7,42.9,14.0,0,1,90,Low,7220.75
DRV01645,48,9,67.9,7,2.8,40.8,7.6,0,1,62,Medium,11048.51
DRV01646,41,2,77.5,8,6.3,44.6,10.0,0,0,53,Medium,12290.15
DRV01647,37,13,42.6,0,2.7,25.5,3.4,0,0,97,Low,5461.51
DRV01648,55,1,91.0,1,4.9,42.0,1.5,1,0,69,Medium,11372.58
DRV01649,63,34,45.9,4,3.6,29.2,21.6,0,0,73,Medium,9550.28
DRV01650,52,34,54.8,2,1.5,43.2,7.0,0,0,99,Low,5109.91
DRV01651,56,24,72.8,0,1.8,87.1,8.1,2,3,54,High,17753.63
DRV01652,27,3,37.9,0,4.1,27.9,6.7,2,0,78,Medium,12222.04
DRV01653,68,34,42.3,4,6.3,44.6,3.4,1,0,85,Low,6387.65
DRV01654,66,38,65.8,2,1.1,50.8,3.6,0,1,93,Low,6821.96
DRV01655,63,32,41.8,4,4.1,8.1,1.7,0,0,89,Low,5765.09
DRV01656,51,14,68.4,1,2.8,47.7,8.7,1,2,61,Medium,11573.77
DRV01657,24,2,47.2,4,6.4,77.8,14.1,1,1,53,Medium,13005.31
DRV01658,63,17,56.8,16,3.5,68.6,33.0,1,1,31,High,16583.52
DRV01659,59,20,64.3,3,2.8,35.1,18.9,1,1,71,Medium,10928.47
DRV01660,46,28,73.5,3,4.4,24.1,20.6,0,0,76,Low,6605.64
DRV01661,69,18,84.8,1,6.5,54.3,8.4,0,0,85,Low,6125.32
DRV01662,48,6,59.0,0,1.0,19.5,10.0,2,1,72,Medium,12276.06
DRV01663,46,7,70.7,3,5.9,62.6,3.5,0,0,77,Low,6334.6
DRV01664,28,3,60.0,1,3.6,68.1,5.4,0,0,97,Low,6446.78
DRV01665,37,9,66.6,4,2.5,5,6.9,0,0,89,Low,6676.33
DRV01666,35,3,42.6,1,0.8,59.8,8.0,1,3,58,High,18628.89
DRV01667,68,48,54.1,2,4.0,66.3,4.5,0,0,100,Low,5440.87
DRV01668,64,8,45.1,4,1.7,43.6,8.4,0,3,64,High,17996.22
DRV01669,55,24,55.3,3,1.4,33.1,9.1,0,0,97,Low,5574.33
DRV01670,26,5,57.2,1,7.4,5,3.4,0,1,76,Low,8060.76
DRV01671,55,34,91.3,0,2.8,60.7,4.8,0,1,88,Low,7874.29
DRV01672,57,4,47.4,1,2.6,78.2,1.3,0,2,77,Medium,12660.96
DRV01673,43,11,45.4,8,2.4,56.3,11.2,1,0,75,Low,7740.03
DRV01674,66,22,55.8,8,4.4,13.7,19.3,0,0,76,Low,6448.52
DRV01675,23,2,55.1,10,1.3,44.5,6.9,4,2,23,High,20854.41
DRV01676,36,8,69.4,0,3.5,30.9,11.8,1,3,59,High,18829.05
DRV01677,35,12,55.1,1,3.1,11.2,4.5,0,1,83,Low,6622.63
DRV01678,47,18,63.0,0,5.1,33.1,12.1,0,1,79,Low,7125.35
DRV01679,21,2,52.4,5,3.5,47.9,2.6,0,0,83,Low,7865.92
DRV01680,48,17,38.7,11,0.3,65.7,2.4,0,1,71,Medium,10639.73
DRV01681,37,4,49.5,0,4.5,71.1,0.3,1,1,76,Low,9302.16
DRV01682,22,2,67.4,5,2.2,42.6,1.0,1,0,74,Medium,11518.06
DRV01683,68,9,74.2,0,2.0,52.2,18.2,0,4,39,High,19679.09
DRV01684,31,13,57.5,0,2.4,34.8,2.7,1,0,100,Low,6348.01
DRV01685,34,9,63.3,0,4.5,78.4,10.4,0,0,89,Low,6794.0
DRV01686,39,13,51.8,0,1.4,28.5,20.3,0,1,87,Low,7599.41
DRV01687,45,13,61.4,0,7.4,61.9,5.3,1,0,88,Low,6070.49
DRV01688,35,17,48.1,3,5.1,30.8,23.5,0,0,89,Low,5647.77
DRV01689,41,7,71.3,3,2.6,27.4,5.6,0,0,87,Low,5944.93
DRV01690,28,4,78.0,11,5.5,19.2,6.8,1,1,30,High,18401.41
DRV01691,67,36,44.2,1,1.9,41.1,16.6,0,1,87,Low,7264.67
DRV01692,23,1,37.8,4,2.6,10.9,13.4,0,0,76,Low,7463.7
DRV01693,39,16,57.9,3,2.6,29.9,11.6,0,1,86,Low,6640.33
DRV01694,60,4,45.1,1,2.5,59.4,14.5,0,0,84,Low,6877.81
DRV01695,26,6,80.9,5,6.5,61.3,5.7,1,3,29,High,19752.8
DRV01696,26,6,55.6,0,2.5,16.9,20.0,0,0,83,Low,6035.74
DRV01697,65,37,80.6,1,5.3,46.2,8.0,0,0,92,Low,6847.16
DRV01698,69,37,48.8,0,4.8,33.2,8.2,1,0,95,Low,6410.91
DRV01699,61,1,29.5,1,2.1,74.5,1.4,0,0,93,Low,6635.13
DRV01700,43,24,53.9,1,3.9,17.5,2.5,0,0,96,Low,5356.65
DRV01701,48,21,70.4,1,7.8,5,8.6,0,4,46,High,18439.39
DRV01702,43,0,78.8,4,4.7,43.1,1.2,1,2,45,High,18614.27
DRV01703,51,26,80.0,2,3.5,5,12.7,0,3,56,High,17210.92
DRV01704,65,21,54.0,0,0.7,65.7,9.5,0,2,89,Medium,11101.47
DRV01705,52,24,71.2,2,8.9,55.7,31.1,0,1,64,Medium,11313.77
DRV01706,26,4,77.8,0,0.9,28.2,10.8,0,0,81,Low,6892.49
DRV01707,67,38,61.9,7,2.3,73.0,2.3,3,0,67,Medium,11291.42
DRV01708,25,6,73.1,1,1.7,69.9,7.0,0,0,91,Low,6379.89
DRV01709,21,3,44.0,4,2.5,33.4,5.4,0,0,84,Low,6977.33
DRV01710,37,2,80.7,1,5.3,48.4,12.6,0,2,49,High,18225.4
DRV01711,36,16,25,0,0.6,22.9,12.4,1,0,93,Low,6482.97
DRV01712,43,6,39.6,1,1.2,79.1,8.9,0,0,98,Low,6800.8
DRV01713,43,11,73.5,0,1.9,51.8,4.9,0,1,92,Low,6764.8
DRV01714,34,1,62.5,6,2.6,20.0,2.0,3,1,42,High,18504.68
DRV01715,18,0,49.3,5,1.0,56.6,14.7,0,0,79,Low,8697.52
DRV01716,18,0,26.4,2,2.3,56.7,12.5,0,0,83,Low,7787.65
DRV01717,56,7,62.6,0,1.0,97.9,14.9,3,0,69,Medium,12732.64
DRV01718,46,4,69.7,3,4.5,77.6,7.2,4,1,37,High,18905.79
DRV01719,26,8,64.2,9,0.9,49.0,29.5,0,0,61,Medium,11892.31
DRV01720,68,48,25,10,1.8,44.5,8.1,1,1,62,Medium,11805.01
DRV01721,59,32,41.2,1,2.4,5,9.9,1,3,62,High,17251.45
DRV01722,53,7,54.4,6,4.3,38.6,8.8,2,2,38,High,19009.26
DRV01723,38,10,25,9,6.7,28.4,6.2,0,0,61,Medium,10367.47
DRV01724,44,19,78.2,0,2.0,41.2,10.5,0,0,95,Low,5168.12
DRV01725,44,14,59.0,1,2.8,74.3,7.9,0,2,72,Medium,11852.66
DRV01726,37,18,62.5,1,4.4,43.1,4.4,1,0,87,Low,5825.44
DRV01727,35,9,28.5,7,1.3,59.4,23.2,1,0,69,Medium,11707.93
DRV01728,31,4,30.8,1,2.9,44.8,3.0,0,2,70,Medium,12367.78
DRV01729,39,10,28.1,3,0.4,60.0,10.0,0,0,92,Low,6164.51
DRV01730,66,13,59.6,6,4.9,61.2,4.2,0,1,74,Medium,10929.98
DRV01731,42,7,61.1,7,4.1,49.4,12.6,0,0,73,Medium,11016.08
DRV01732,26,0,52.7,3,6.4,71.2,7.2,0,0,71,Medium,10876.65
DRV01733,18,0,59.5,1,0.5,60.3,25.9,0,0,84,Low,7508.66
DRV01734,18,0,67.7,4,0.6,68.3,14.0,1,0,66,Medium,12582.52
DRV01735,18,0,51.8,3,2.2,35.8,3.6,0,1,75,Low,9757.69
DRV01736,50,23,44.8,0,2.8,73.8,0.1,0,1,99,Low,6986.38
DRV01737,23,3,47.5,9,3.5,26.1,6.7,1,2,36,High,19171.49
DRV01738,25,4,72.0,4,5.2,40.4,2.4,0,3,44,High,18243.04
DRV01739,40,5,45.5,5,3.8,18.9,24.1,0,0,66,Medium,10503.32
DRV01740,57,3,64.7,4,2.5,63.0,15.4,0,2,55,Medium,13258.08
DRV01741,33,4,72.1,0,2.3,77.6,13.8,1,0,79,Low,8072.34
DRV01742,23,2,70.4,0,0.5,21.0,5.2,1,0,86,Low,6960.08
DRV01743,62,9,75.5,0,1.1,21.3,12.6,2,0,79,Medium,12367.88
DRV01744,66,34,56.3,4,1.4,37.1,8.2,2,0,84,Medium,11126.87
DRV01745,20,0,68.5,8,7.5,59.1,3.9,0,0,64,Medium,11655.46
DRV01746,41,2,64.3,20,2.0,21.9,9.7,1,0,35,High,16815.05
DRV01747,44,8,39.2,3,1.2,42.8,7.3,0,1,78,Low,8608.75
DRV01748,55,8,74.4,1,1.1,43.4,29.4,1,2,50,Medium,13565.21
DRV01749,32,11,56.6,2,10.0,52.6,2.3,0,2,55,Medium,11691.07
DRV01750,29,2,61.1,2,3.6,28.6,38.2,1,0,63,Medium,12107.73
DRV01751,51,18,56.3,0,1.6,40.6,3.4,0,2,96,Medium,10684.42
DRV01752,67,15,66.1,8,5.1,80.4,16.3,0,2,42,High,16846.81
DRV01753,46,0,45.0,0,1.1,63.0,4.5,4,2,47,High,19764.95
DRV01754,21,2,45.4,1,1.7,47.6,11.1,1,0,77,Low,8323.39
DRV01755,19,0,80.7,3,3.2,34.1,2.6,0,0,73,Medium,11332.61
DRV01756,36,13,73.5,0,1.9,25.3,1.9,0,1,88,Low,6429.63
DRV01757,54,13,37.0,13,1.0,79.8,11.0,3,1,33,High,17668.15
DRV01758,65,2,52.9,0,0.7,81.4,7.0,0,0,97,Low,6955.97
DRV01759,51,6,54.5,2,2.9,82.2,13.9,0,3,52,High,18500.51
DRV01760,49,28,53.9,13,4.1,46.0,9.2,0,2,44,High,16954.62
DRV01761,63,13,50.6,0,2.3,49.1,8.4,4,0,67,Medium,11730.78
DRV01762,42,14,41.8,2,4.7,78.8,2.2,1,2,61,Medium,13497.8
DRV01763,31,5,63.6,3,3.9,68.9,8.7,0,0,81,Low,7256.61
DRV01764,59,37,60.4,1,2.5,19.6,2.7,1,0,100,Low,6069.03
DRV01765,52,17,73.3,2,1.2,37.1,4.6,0,0,92,Low,5753.59
DRV01766,69,41,60.4,4,7.4,68.6,3.9,0,3,46,High,17911.72
DRV01767,18,0,73.8,0,10,5,3.3,0,0,72,Medium,11441.75
DRV01768,63,10,85.0,2,10,34.9,3.1,0,0,72,Medium,11251.91
DRV01769,59,32,67.4,6,0.7,40.4,24.7,0,0,79,Low,5879.64
DRV01770,61,3,44.4,7,5.1,76.6,9.3,1,1,60,Medium,12715.38
DRV01771,61,37,42.2,1,5.4,34.5,20.2,0,0,84,Low,5559.88
DRV01772,42,16,64.4,6,0.3,35.5,7.3,1,0,87,Low,6967.2
DRV01773,61,23,63.9,0,5.1,73.1,5.4,1,0,89,Low,6384.17
DRV01774,60,15,34.1,1,6.8,67.3,2.5,0,1,86,Low,6946.19
DRV01775,27,6,76.9,0,2.2,49.6,4.6,0,0,84,Low,6611.81
DRV01776,31,3,50.0,5,2.3,74.0,12.6,0,0,81,Low,7574.24
DRV01777,33,13,73.8,1,8.1,45.8,1.1,3,3,29,High,18867.8
DRV01778,44,13,39.6,0,2.5,79.3,28.3,0,1,76,Low,7128.0
DRV01779,20,0,48.3,4,0.3,11.7,1.8,1,1,69,Medium,13738.55
DRV01780,53,21,52.4,2,1.0,91.9,4.5,1,1,91,Low,7208.38
DRV01781,44,20,71.2,4,0.3,35.3,1.9,0,0,96,Low,5401.22
DRV01782,18,0,69.9,0,3.4,24.5,5.0,0,0,89,Low,7326.03
DRV01783,29,9,48.9,1,4.4,17.5,2.6,0,0,90,Low,5604.94
DRV01784,69,5,63.5,4,3.4,58.1,6.2,1,0,74,Medium,11158.16
DRV01785,40,22,67.4,7,0.8,122.9,15.5,1,1,72,Medium,11739.49
DRV01786,49,12,40.4,1,1.1,27.6,3.5,0,4,61,High,17683.55
DRV01787,19,0,42.7,2,3.0,63.5,3.3,1,0,84,Low,8330.64
DRV01788,51,22,83.5,2,6.6,54.0,9.1,0,0,75,Low,6659.41
DRV01789,62,32,82.7,0,4.5,50.6,7.8,0,0,86,Low,5429.41
DRV01790,63,34,58.6,1,3.9,47.8,11.6,0,1,84,Low,6909.67
DRV01791,38,19,66.0,0,8.3,27.9,7.3,0,0,94,Low,6014.24
DRV01792,36,3,59.1,11,2.5,36.6,12.1,3,0,50,Medium,13617.52
DRV01793,43,11,64.3,2,4.6,19.9,6.3,0,1,78,Low,7307.89
DRV01794,56,11,56.4,4,3.4,80.2,25.5,1,4,26,High,19846.6
DRV01795,67,9,55.4,0,0.3,45.6,7.8,0,0,100,Low,5618.17
DRV01796,60,41,50.7,0,1.6,39.9,12.8,1,0,97,Low,6153.93
DRV01797,68,31,55.9,0,1.8,44.3,7.6,0,1,93,Low,6232.93
DRV01798,48,30,64.0,20,5.2,15.1,22.8,0,3,20,High,19660.56
DRV01799,44,21,61.2,0,2.4,20.3,21.4,0,3,67,High,17462.06
DRV01800,22,2,45.6,3,3.5,65.3,7.1,0,1,72,Medium,12657.97
DRV01801,36,17,57.4,11,2.3,30.7,8.5,0,0,72,Medium,10200.09
DRV01802,37,16,54.4,7,7.4,60.8,10.6,0,1,63,Medium,12153.66
DRV01803,59,26,61.0,0,1.7,15.4,8.5,0,0,100,Low,5748.17
DRV01804,68,19,55.6,20,0.4,55.6,5.6,1,0,51,Medium,11682.2
DRV01805,66,38,59.1,4,2.8,17.0,9.8,3,0,66,Medium,10764.29
DRV01806,60,40,59.5,3,0.4,47.6,6.7,0,0,100,Low,5848.18
DRV01807,18,0,61.5,0,3.7,47.8,6.9,0,0,87,Low,8513.47
DRV01808,61,43,59.2,2,9.1,65.0,4.3,1,0,84,Low,7168.83
DRV01809,54,1,53.0,2,1.4,95.8,5.5,2,0,78,Medium,12546.01
DRV01810,25,0,39.5,3,3.6,43.9,7.0,0,1,70,Medium,12379.74
DRV01811,56,5,45.8,0,4.8,37.2,6.9,1,0,81,Low,7352.1
DRV01812,66,26,64.8,7,2.6,59.6,8.7,6,0,45,High,18286.92
DRV01813,48,11,82.8,5,6.0,39.3,5.4,1,0,62,Medium,11561.08
DRV01814,68,41,49.2,3,1.6,53.0,8.5,2,2,57,Medium,12469.54
DRV01815,45,23,52.4,1,5.4,48.3,24.1,2,0,70,Medium,10503.62
DRV01816,46,7,54.7,0,6.2,38.1,5.0,2,0,79,Medium,11522.31
DRV01817,23,5,55.6,0,4.1,61.3,6.1,1,0,85,Low,7195.93
DRV01818,33,8,68.2,1,2.4,64.8,12.9,0,1,77,Low,6995.65
DRV01819,30,1,33.1,4,1.7,43.0,7.4,0,0,82,Low,7055.5
DRV01820,55,30,34.0,0,3.9,51.7,7.7,0,0,94,Low,5585.18
DRV01821,50,7,62.8,3,5.9,36.9,9.8,0,0,74,Medium,10254.25
DRV01822,22,2,35.4,2,3.1,60.8,7.2,1,0,76,Low,8291.15
DRV01823,56,5,50.6,1,6.6,59.4,9.9,2,1,56,Medium,13641.86
DRV01824,21,1,42.3,2,2.5,32.1,20.7,1,1,63,Medium,14038.8
DRV01825,62,29,52.2,0,5.4,29.8,21.4,0,0,91,Low,6501.07
DRV01826,26,7,60.4,5,0.9,54.7,7.5,0,0,91,Low,6925.23
DRV01827,53,10,50.4,0,3.6,61.5,17.8,1,0,81,Low,6365.2
DRV01828,32,6,64.4,3,4.8,33.1,5.2,0,1,69,Medium,11342.49
DRV01829,49,27,53.1,0,1.1,48.8,17.1,3,2,57,Medium,13873.72
DRV01830,35,17,39.2,6,4.8,80.0,6.5,0,0,85,Low,6187.66
DRV01831,67,37,58.5,6,2.0,14.5,7.2,0,0,87,Low,6562.8
DRV01832,56,11,40.0,1,2.8,56.1,3.1,0,0,100,Low,6030.48
DRV01833,55,22,51.0,2,8.0,55.5,8.7,0,0,87,Low,6159.55
DRV01834,52,33,45.0,19,1.3,50.7,15.8,1,0,49,High,16010.71
DRV01835,37,12,65.5,2,7.3,38.2,2.8,1,0,79,Low,7295.67
DRV01836,25,6,84.1,0,0.4,45.6,6.4,0,1,86,Low,7476.22
DRV01837,31,6,31.6,1,0.4,34.8,9.7,1,0,90,Low,7883.42
DRV01838,66,22,49.0,12,6.6,41.0,14.1,0,0,63,Medium,10891.49
DRV01839,34,1,31.1,0,0.9,87.3,4.0,0,0,97,Low,6778.44
DRV01840,25,7,48.9,11,4.6,9.0,9.6,0,1,56,Medium,12156.32
DRV01841,34,15,74.6,2,4.0,28.5,9.8,0,0,83,Low,6256.85
DRV01842,51,6,39.3,0,10,38.3,8.6,1,1,67,Medium,12343.66
DRV01843,44,7,71.6,7,1.3,61.8,8.9,2,0,58,Medium,12183.61
DRV01844,44,6,37.5,0,3.8,50.3,10.6,0,1,77,Low,7564.27
DRV01845,28,0,66.2,6,3.2,58.7,9.9,1,0,58,Medium,12623.17
DRV01846,62,12,50.9,7,0.8,53.8,10.6,0,2,62,Medium,13008.33
DRV01847,21,1,48.6,1,1.9,50.1,6.7,1,2,65,Medium,13936.56
DRV01848,56,37,29.2,0,8.7,34.5,4.8,0,0,96,Low,5553.81
DRV01849,46,25,53.8,4,1.4,93.0,26.4,1,2,66,Medium,12365.16
DRV01850,24,6,55.1,0,3.5,33.4,12.6,0,0,90,Low,6388.62
DRV01851,32,1,53.6,0,1.7,63.5,22.3,0,1,76,Low,7991.47
DRV01852,59,37,36.8,1,6.8,63.3,3.4,1,0,88,Low,5691.65
DRV01853,29,11,72.3,5,1.4,65.3,7.9,2,0,67,Medium,11083.12
DRV01854,45,14,82.2,0,4.7,54.6,4.2,0,0,89,Low,5644.8
DRV01855,62,39,30.0,5,4.9,41.3,17.9,0,0,83,Low,6235.68
DRV01856,68,19,55.6,5,3.6,62.1,3.8,0,1,82,Low,7913.44
DRV01857,41,0,53.6,2,5.2,28.5,3.1,0,0,76,Low,8486.98
DRV01858,18,0,72.9,0,3.5,64.9,6.5,0,2,69,Medium,13990.64
DRV01859,57,3,28.2,1,0.8,45.6,4.5,1,0,78,Low,6592.47
DRV01860,20,2,69.5,1,2.4,43.2,4.1,0,0,83,Low,7699.36
DRV01861,23,0,43.9,5,4.3,26.8,14.4,0,0,68,Medium,11295.23
DRV01862,30,4,48.9,1,3.3,56.6,9.4,3,0,62,Medium,12760.16
DRV01863,64,2,30.4,1,1.9,46.0,17.6,3,3,31,High,20679.1
DRV01864,46,8,66.4,0,6.2,90.7,13.3,0,4,36,High,19345.99
DRV01865,18,0,31.7,3,1.5,29.6,6.6,0,0,86,Low,8104.1
DRV01866,55,37,53.3,2,2.9,59.0,13.0,0,3,61,High,17309.95
DRV01867,57,37,57.8,4,2.9,52.4,14.0,2,0,84,Medium,11208.86
DRV01868,57,28,63.5,13,1.5,42.6,22.0,2,0,49,High,16605.16
DRV01869,40,13,45.1,4,0.8,56.8,8.3,0,0,92,Low,6338.99
DRV01870,64,43,63.5,0,4.5,65.8,10.4,4,2,45,High,19446.03
DRV01871,59,21,61.2,4,2.2,23.9,24.5,0,0,84,Low,6169.05
DRV01872,62,34,28.8,6,1.0,21.0,5.2,1,0,87,Low,5688.72
DRV01873,37,16,64.1,2,6.1,47.6,5.9,1,2,65,Medium,12055.84
DRV01874,30,5,46.7,5,0.8,46.7,11.2,0,3,51,High,18168.46
DRV01875,66,18,46.2,1,10,25.8,9.8,0,0,86,Low,5781.19
DRV01876,44,4,68.0,2,1.7,53.0,4.7,0,1,73,Medium,11891.12
DRV01877,33,7,62.9,13,1.4,53.7,15.4,1,1,52,Medium,13713.64
DRV01878,25,7,47.8,2,2.6,93.7,5.2,0,1,73,Medium,11155.65
DRV01879,53,31,62.9,2,6.5,30.7,5.7,0,0,87,Low,5717.43
DRV01880,55,22,68.1,2,1.7,26.7,1.3,0,0,97,Low,5385.69
DRV01881,19,1,60.4,8,2.7,44.3,6.3,0,0,70,Medium,12427.65
DRV01882,31,10,58.9,3,6.8,39.7,1.7,1,1,64,Medium,12190.98
DRV01883,50,9,58.7,1,1.7,67.9,22.3,0,0,96,Low,6185.62
DRV01884,61,8,73.8,0,5.0,38.9,19.6,0,0,81,Low,6386.93
DRV01885,23,0,69.2,1,4.0,54.6,10.0,0,0,83,Low,7894.63
DRV01886,61,20,31.4,2,0.8,47.4,9.3,0,1,90,Low,6203.85
DRV01887,60,0,54.6,3,2.5,74.2,20.9,2,1,56,Medium,14162.65
DRV01888,26,5,25,3,0.3,85.6,2.2,1,1,80,Low,8420.96
DRV01889,63,11,25,7,2.0,49.2,15.5,0,2,59,Medium,12907.42
DRV01890,22,1,72.0,1,2.0,27.2,12.4,0,1,70,Medium,12679.35
DRV01891,37,9,58.5,1,1.8,46.5,15.1,0,0,87,Low,5549.21
DRV01892,23,4,78.9,5,2.6,29.7,6.2,3,2,38,High,20414.26
DRV01893,18,0,48.5,1,2.1,66.3,7.0,3,1,57,Medium,15064.84
DRV01894,25,7,44.4,8,3.8,41.3,32.7,0,0,70,Medium,11688.46
DRV01895,39,11,68.8,14,1.0,5.1,10.9,0,0,52,Medium,10601.75
DRV01896,23,4,79.2,5,0.7,22.3,7.6,1,4,34,High,21980.27
DRV01897,24,5,46.0,2,8.4,33.5,26.9,1,0,62,Medium,12425.52
DRV01898,48,28,60.4,0,1.7,57.8,14.0,2,3,58,High,18356.33
DRV01899,21,2,52.9,3,4.8,73.1,1.8,1,0,70,Medium,11640.95
DRV01900,38,10,32.7,4,1.6,58.6,6.6,0,0,96,Low,6056.96
DRV01901,24,1,39.6,9,1.8,66.3,8.2,3,2,30,High,20357.71
DRV01902,24,5,57.5,1,10,5,27.2,1,0,57,Medium,13119.47
DRV01903,25,6,41.8,2,1.0,42.5,13.7,2,0,73,Medium,11331.14
DRV01904,57,36,65.2,0,1.4,5,11.8,0,0,100,Low,5510.11
DRV01905,60,40,32.8,4,3.1,6.1,11.3,1,0,94,Low,6824.71
DRV01906,60,29,68.8,1,3.2,38.1,22.7,3,0,65,Medium,11952.38
DRV01907,29,11,63.4,21,10,28.1,1.2,2,3,20,High,22021.63
DRV01908,20,1,48.7,10,6.7,43.2,1.6,0,0,55,Medium,12299.55
DRV01909,50,21,25,1,0.5,72.2,6.6,0,0,100,Low,5045.99
DRV01910,50,32,27.2,1,5.2,65.4,13.1,0,0,97,Low,5623.95
DRV01911,26,2,59.9,0,0.9,43.7,4.4,2,0,78,Medium,11139.63
DRV01912,46,28,77.8,3,2.1,20.9,17.8,0,1,75,Low,6798.27
DRV01913,53,10,77.8,1,3.9,38.5,5.5,1,3,48,High,18948.44
DRV01914,53,15,29.9,12,2.6,21.8,2.0,1,0,67,Medium,10170.76
DRV01915,69,35,57.3,2,7.5,76.7,20.1,0,1,77,Low,8384.54
DRV01916,41,21,76.4,0,1.3,36.9,0.2,0,0,100,Low,5201.81
DRV01917,50,32,47.1,1,3.2,72.8,7.9,0,0,100,Low,5748.79
DRV01918,38,18,49.1,1,4.4,50.1,9.5,1,1,76,Low,7444.92
DRV01919,50,31,54.1,13,0.8,85.2,16.6,0,1,64,Medium,11685.73
DRV01920,46,10,60.0,4,6.9,5,8.4,0,0,78,Low,6523.04
DRV01921,40,20,27.3,3,2.8,67.7,5.1,2,0,87,Medium,10373.76
DRV01922,50,11,65.2,6,5.8,52.3,14.4,2,0,50,Medium,11808.74
DRV01923,68,47,64.0,3,3.1,88.3,1.8,1,0,87,Low,5095.66
DRV01924,69,40,87.9,1,1.5,5,7.4,0,4,42,High,18816.93
DRV01925,38,8,53.3,1,3.9,97.0,1.6,0,0,94,Low,4694.3
DRV01926,58,8,53.0,1,1.5,48.2,11.9,1,1,78,Low,7881.26
DRV01927,46,23,41.0,6,2.3,22.0,17.4,1,1,60,Medium,11473.56
DRV01928,61,31,26.7,3,0.8,61.9,4.2,3,0,77,Medium,11107.88
DRV01929,36,12,78.5,5,0.4,48.5,6.9,2,1,65,Medium,12384.2
DRV01930,22,3,42.7,0,4.9,50.4,2.7,1,0,81,Low,7387.21
DRV01931,35,17,69.8,5,3.3,84.4,14.8,0,0,77,Low,6388.56
DRV01932,20,1,72.1,5,1.8,50.5,4.7,0,1,61,Medium,12615.45
DRV01933,24,2,76.3,0,3.9,14.8,8.0,0,2,59,Medium,13812.72
DRV01934,47,14,61.7,0,1.0,53.5,5.3,0,0,100,Low,5018.52
DRV01935,22,2,51.7,0,3.2,22.1,2.9,1,1,74,Medium,12594.6
DRV01936,52,21,69.0,0,4.8,31.6,1.0,1,1,84,Low,6768.41
DRV01937,56,19,65.5,2,4.6,28.3,3.8,0,2,72,Medium,11425.06
DRV01938,30,6,63.5,5,6.8,62.5,8.8,0,0,76,Low,5859.29
DRV01939,46,20,55.4,15,4.8,30.0,23.0,0,0,49,High,14994.18
DRV01940,54,21,77.3,0,2.9,47.0,2.4,1,1,83,Low,7478.85
DRV01941,65,2,74.5,6,3.5,38.2,4.1,0,0,72,Medium,10997.38
DRV01942,65,23,33.4,4,6.4,28.3,8.4,0,4,47,High,18250.24
DRV01943,33,11,78.7,4,4.0,18.6,2.0,0,0,82,Low,5323.67
DRV01944,32,12,53.7,0,0.2,57.4,1.8,2,0,86,Medium,9217.52
DRV01945,32,6,38.2,1,3.1,68.1,11.7,1,0,80,Low,6822.04
DRV01946,19,0,49.0,8,2.9,5,22.6,0,0,64,Medium,12265.76
DRV01947,19,0,72.5,11,4.8,44.5,17.7,3,1,20,High,20462.91
DRV01948,50,24,38.9,0,1.0,61.7,4.4,0,1,100,Low,7030.91
DRV01949,69,24,64.6,2,4.5,53.7,23.1,0,1,70,Medium,12005.39
DRV01950,58,40,52.9,4,1.3,100.7,6.4,0,0,100,Low,4868.82
DRV01951,60,21,71.5,2,3.3,60.0,6.8,0,1,77,Low,6669.61
DRV01952,31,7,71.4,2,6.7,15.2,35.1,3,0,39,High,17300.14
DRV01953,22,2,51.7,1,1.8,32.7,2.8,0,0,92,Low,7208.0
DRV01954,50,30,69.6,1,3.8,31.4,14.7,0,0,91,Low,5244.14
DRV01955,65,38,45.2,4,2.6,67.7,10.0,0,2,72,Medium,11953.88
DRV01956,37,3,28.7,1,1.6,47.7,3.9,1,1,77,Low,9063.27
DRV01957,37,3,52.3,0,5.5,42.7,5.0,0,2,69,Medium,12348.87
DRV01958,54,31,50.9,0,7.5,34.3,16.5,1,0,89,Low,7083.28
DRV01959,53,6,77.3,0,2.5,118.4,9.2,3,2,48,High,19142.76
DRV01960,43,23,79.0,12,1.3,85.4,18.0,0,0,62,Medium,11062.25
DRV01961,18,0,82.2,1,6.5,6.7,5.0,0,1,59,Medium,13360.25
DRV01962,44,11,26.4,1,0.8,63.8,4.8,0,0,100,Low,5698.43
DRV01963,21,0,69.7,0,3.8,72.4,9.6,2,0,68,Medium,12040.13
DRV01964,24,3,63.9,2,2.6,43.7,2.0,0,0,92,Low,6692.35
DRV01965,39,2,69.9,6,6.2,43.8,12.4,0,0,66,Medium,11854.87
DRV01966,66,25,27.1,2,0.7,60.7,4.9,3,2,71,Medium,13182.62
DRV01967,47,21,37.7,7,4.5,13.4,5.1,0,1,68,Medium,11324.66
DRV01968,64,28,44.6,2,2.2,82.9,6.2,0,0,98,Low,6215.89
DRV01969,46,23,67.9,3,9.0,5,12.5,2,0,55,Medium,10850.2
DRV01970,69,30,51.2,0,3.1,54.2,9.4,0,0,100,Low,4838.16
DRV01971,47,4,29.8,0,2.5,44.9,6.1,3,1,63,Medium,12911.39
DRV01972,56,32,56.8,3,2.2,84.4,12.3,2,3,50,High,18141.66
DRV01973,31,8,69.1,3,0.5,66.2,8.8,0,1,72,Medium,11197.43
DRV01974,31,9,30.6,0,1.6,30.2,4.2,1,0,93,Low,6291.3
DRV01975,46,24,59.1,0,4.0,70.5,11.0,2,0,86,Medium,10697.42
DRV01976,67,15,66.4,3,2.4,52.3,23.5,1,3,37,High,19153.52
DRV01977,34,7,57.5,3,4.6,46.5,8.7,0,0,82,Low,6968.31
DRV01978,39,7,27.8,0,2.4,53.0,5.4,0,0,87,Low,6210.61
DRV01979,33,3,73.7,5,7.1,69.1,5.4,3,2,24,High,20074.12
DRV01980,33,14,25,14,2.3,88.6,9.5,3,0,42,High,16420.89
DRV01981,43,0,56.0,5,1.7,41.7,9.6,0,3,53,High,18658.44
DRV01982,44,6,84.4,4,3.5,35.5,10.6,2,0,58,Medium,13363.09
DRV01983,22,2,67.2,3,7.6,6.8,14.9,0,0,67,Medium,12463.28
DRV01984,52,32,59.5,1,5.2,48.1,9.7,0,3,66,High,17243.52
DRV01985,63,41,58.1,8,2.3,38.1,5.7,0,1,73,Medium,10282.0
DRV01986,21,2,50.9,2,0.9,55.1,15.5,0,0,94,Low,7881.01
DRV01987,43,1,25,1,5.8,54.2,11.8,3,0,58,Medium,13754.88
DRV01988,43,17,57.4,0,0.8,44.6,8.8,0,0,100,Low,5421.06
DRV01989,52,21,50.7,4,0.2,48.0,17.4,0,4,60,High,18401.41
DRV01990,19,0,45.7,0,5.6,73.2,5.1,3,0,67,Medium,13604.63
DRV01991,59,12,58.5,2,4.0,16.2,10.9,2,2,55,Medium,13470.59
DRV01992,31,12,44.3,1,6.8,32.2,28.4,3,2,32,High,19920.53
DRV01993,70,15,49.8,0,4.1,41.0,11.1,0,1,95,Low,6406.77
DRV01994,48,23,32.3,4,5.3,60.6,4.0,0,1,83,Low,7984.43
DRV01995,37,19,73.4,0,3.0,30.5,8.0,0,2,80,Medium,11024.52
DRV01996,28,9,62.3,6,1.8,44.2,1.0,0,1,75,Low,7708.74
DRV01997,19,0,56.0,0,5.2,46.6,9.5,2,0,66,Medium,11851.18
DRV01998,26,2,43.7,10,1.5,72.0,5.0,0,3,46,High,18878.67
DRV01999,21,0,54.1,1,2.9,35.7,7.8,0,3,54,High,19548.4
DRV02000,68,0,74.4,2,1.0,24.5,4.9,1,4,36,High,21453.62
DRV02001,28,2,37.7,7,2.1,32.4,8.2,1,1,62,Medium,13333.09
DRV02002,56,1,60.4,5,1.2,34.0,17.7,0,0,78,Low,8297.86
DRV02003,19,0,51.4,2,9.3,15.3,6.1,0,2,50,Medium,14181.9
DRV02004,60,3,55.1,4,1.0,28.9,12.6,1,1,63,Medium,12854.85
DRV02005,35,7,48.2,1,3.8,33.8,5.7,1,1,79,Low,7776.8
DRV02006,62,22,66.2,4,2.2,72.0,24.7,0,0,88,Low,6301.69
DRV02007,35,10,58.3,4,0.6,99.3,8.4,0,0,88,Low,6177.98
DRV02008,58,36,47.9,6,1.2,44.2,6.9,0,0,93,Low,6011.63
DRV02009,24,6,82.7,1,2.3,54.7,10.0,3,0,61,Medium,12964.5
DRV02010,27,2,81.4,4,0.7,20.9,3.8,2,0,65,Medium,13252.8
DRV02011,20,1,58.8,0,1.7,38.6,1.1,0,1,84,Low,8219.29
DRV02012,66,4,33.7,0,5.1,15.3,6.4,0,3,55,High,18237.1
DRV02013,50,8,74.3,0,2.6,45.0,2.3,0,0,96,Low,5896.69
DRV02014,38,4,85.8,2,1.9,50.4,12.9,0,0,72,Medium,10595.82
DRV02015,47,28,67.2,0,0.5,55.3,19.8,0,0,99,Low,5691.1
DRV02016,50,32,39.4,0,1.9,37.5,7.7,3,0,93,Medium,11658.97
DRV02017,48,22,43.5,2,5.0,43.0,7.0,0,0,90,Low,5972.88
DRV02018,66,10,50.7,0,3.0,58.2,9.7,1,4,52,High,19798.79
DRV02019,36,14,63.9,0,2.7,61.0,10.4,1,0,88,Low,6142.0
DRV02020,43,19,26.8,5,3.9,65.3,7.4,0,0,85,Low,5769.07
DRV02021,23,2,48.5,0,2.8,60.2,17.4,0,0,86,Low,6453.2
DRV02022,23,3,52.3,1,4.1,72.0,8.0,0,1,67,Medium,11970.32
DRV02023,59,28,67.3,0,0.5,101.9,6.7,0,0,99,Low,5090.03
DRV02024,19,0,73.2,3,0.9,64.4,5.8,0,2,65,Medium,14579.84
DRV02025,26,5,70.7,1,4.7,42.5,6.1,0,1,78,Low,8116.83
DRV02026,53,13,41.0,3,1.6,36.4,3.4,0,0,98,Low,4828.1
DRV02027,33,7,58.8,0,0.8,39.7,3.8,3,4,29,High,20875.99
DRV02028,35,3,38.8,13,2.6,59.9,8.2,0,0,61,Medium,11914.86
DRV02029,56,24,66.0,2,2.1,66.1,1.5,3,0,77,Medium,11274.54
DRV02030,24,1,43.1,2,5.8,75.2,2.9,1,1,56,Medium,12939.07
DRV02031,39,2,43.5,4,7.2,61.3,4.8,0,0,73,Medium,11681.41
DRV02032,20,2,31.1,2,2.1,32.9,13.0,1,2,57,Medium,14939.0
DRV02033,18,0,81.5,4,1.2,103.7,2.3,0,0,75,Low,8682.94
DRV02034,22,0,61.5,0,4.9,44.9,23.3,1,1,59,Medium,14276.63
DRV02035,18,0,68.8,10,6.8,57.6,11.7,1,1,35,High,18447.78
DRV02036,64,20,66.9,4,4.0,28.8,17.6,0,1,70,Medium,12107.02
DRV02037,32,4,64.2,5,3.3,53.0,28.2,1,0,63,Medium,12026.56
DRV02038,23,5,55.3,4,2.8,34.6,1.6,0,1,79,Low,7486.06
DRV02039,42,14,77.0,2,3.4,68.8,4.5,1,1,68,Medium,11638.11
DRV02040,26,2,35.3,2,1.8,57.3,4.7,0,0,86,Low,6381.96
DRV02041,51,28,96.2,1,0.9,49.3,18.7,0,0,76,Low,5896.22
DRV02042,22,0,59.5,0,6.2,44.2,5.0,1,0,67,Medium,11941.18
DRV02043,33,2,56.3,0,3.5,42.0,6.7,0,0,87,Low,7076.32
DRV02044,36,0,74.0,12,2.5,57.7,13.8,0,0,52,Medium,12500.21
DRV02045,18,0,51.7,17,3.0,54.4,8.8,1,0,36,High,18197.5
DRV02046,37,19,61.5,18,0.5,63.2,3.0,0,0,67,Medium,9660.08
DRV02047,20,1,50.7,0,1.9,38.2,5.8,1,0,83,Low,7448.75
DRV02048,62,21,51.3,3,1.0,58.1,1.2,0,0,100,Low,5197.67
DRV02049,21,2,36.8,3,2.4,19.2,7.0,1,3,44,High,19283.23
DRV02050,47,7,72.0,13,9.5,64.0,16.1,0,1,34,High,18354.17
DRV02051,68,47,69.3,7,2.4,6.7,14.7,0,0,82,Low,5741.53
DRV02052,60,5,57.6,10,1.7,57.7,21.6,0,1,53,Medium,12846.47
DRV02053,18,0,43.0,2,1.6,73.9,12.9,1,0,76,Low,9224.6
DRV02054,69,37,48.3,8,6.0,42.5,7.9,0,1,77,Low,7884.54
DRV02055,60,40,48.8,0,1.6,30.0,9.4,0,0,97,Low,5860.68
DRV02056,55,9,52.6,7,4.6,57.5,13.3,4,0,41,High,16953.34
DRV02057,68,7,44.8,0,2.1,13.3,2.3,0,0,99,Low,6701.52
DRV02058,57,32,91.8,7,0.1,76.7,11.4,1,0,66,Medium,12311.04
DRV02059,54,3,60.2,8,5.3,11.6,8.0,1,0,65,Medium,12362.04
DRV02060,51,7,25,15,10,50.0,3.5,1,0,39,High,16918.26
DRV02061,44,6,58.1,16,2.4,18.7,13.5,1,0,40,High,17038.23
DRV02062,62,40,47.1,2,2.1,54.9,12.4,0,0,99,Low,5340.38
DRV02063,68,36,45.3,5,4.7,15.2,3.5,0,2,72,Medium,11177.96
DRV02064,24,1,42.1,2,1.7,70.2,11.7,0,0,88,Low,7947.61
DRV02065,66,16,56.8,1,6.0,84.4,16.5,0,2,68,Medium,11916.42
DRV02066,68,14,61.1,0,3.7,72.9,7.0,1,0,88,Low,5801.4
DRV02067,28,7,25,0,5.7,37.4,3.1,1,0,83,Low,6719.21
DRV02068,30,5,51.8,6,1.3,47.5,14.6,3,0,58,Medium,13489.37
DRV02069,68,36,68.1,15,2.2,90.6,14.1,1,0,56,Medium,11525.63
DRV02070,61,13,99.0,2,1.5,43.2,3.6,3,0,59,Medium,12588.4
DRV02071,41,17,49.9,0,0.5,93.2,5.3,0,0,100,Low,4791.22
DRV02072,58,35,69.5,13,1.0,68.7,15.6,0,0,62,Medium,10648.74
DRV02073,40,9,49.3,0,2.8,44.2,6.0,0,1,81,Low,7463.71
DRV02074,49,27,58.8,2,0.7,31.6,17.8,0,1,92,Low,6974.36
DRV02075,23,0,35.9,4,6.4,45.2,3.3,0,0,75,Low,8021.03
DRV02076,46,4,67.7,0,4.6,63.3,16.6,0,0,81,Low,6688.56
DRV02077,47,10,65.3,15,4.1,18.6,16.7,0,2,27,High,18353.88
DRV02078,53,30,56.0,1,1.8,27.7,8.6,0,0,100,Low,5180.28
DRV02079,65,21,51.1,5,0.9,44.4,3.6,1,0,93,Low,6258.03
DRV02080,24,0,49.2,0,4.1,64.3,13.1,0,1,74,Medium,12094.34
DRV02081,28,5,40.8,4,1.1,74.7,11.3,0,0,91,Low,6808.28
DRV02082,58,19,61.4,5,2.0,101.9,4.1,2,0,76,Medium,11205.0
DRV02083,23,0,81.8,6,2.1,26.8,16.5,0,0,66,Medium,12541.34
DRV02084,52,1,61.1,9,2.3,47.1,16.6,0,0,72,Medium,12135.13
DRV02085,37,4,79.6,0,5.1,114.8,17.8,0,0,74,Medium,10477.39
DRV02086,46,10,37.6,16,0.8,59.0,21.1,1,0,46,High,15551.47
DRV02087,47,13,75.0,1,6.4,43.4,2.6,0,3,61,High,16389.17
DRV02088,54,29,61.8,5,5.4,44.4,10.3,0,1,77,Low,7833.8
DRV02089,54,33,36.1,0,2.5,28.1,3.1,1,1,86,Low,6628.76
DRV02090,56,8,35.8,10,5.2,55.1,38.7,0,0,44,High,16108.42
DRV02091,51,22,64.6,1,4.5,38.9,10.3,1,0,87,Low,6920.81
DRV02092,43,22,59.2,9,1.6,85.8,13.1,2,3,36,High,18975.42
DRV02093,35,10,25,4,1.0,60.0,8.9,1,1,77,Low,8713.23
DRV02094,39,9,50.4,2,2.3,31.4,6.8,0,2,63,Medium,12092.56
DRV02095,58,36,57.0,3,6.7,21.3,7.2,0,1,82,Low,6968.83
DRV02096,44,21,78.2,1,3.4,45.4,4.8,0,2,73,Medium,11618.42
DRV02097,46,20,44.0,7,3.0,9.9,1.2,0,0,88,Low,6018.91
DRV02098,30,3,53.9,1,1.6,20.4,12.1,0,0,89,Low,6707.86
DRV02099,29,3,112.8,0,7.7,98.0,6.4,0,1,46,High,16991.02
DRV02100,36,14,70.0,0,1.1,74.8,5.6,0,1,89,Low,6519.51
DRV02101,33,11,52.2,2,1.0,68.3,4.4,0,3,66,High,17338.92
DRV02102,48,25,36.8,0,3.7,73.7,12.5,0,1,89,Low,6696.89
DRV02103,44,10,83.6,0,1.2,55.2,5.1,0,0,90,Low,6760.81
DRV02104,40,7,40.1,1,2.1,5,12.1,3,0,70,Medium,12185.6
DRV02105,49,31,60.5,4,4.5,15.5,15.4,0,0,86,Low,5789.98
DRV02106,54,24,49.7,7,0.7,5,7.9,1,0,89,Low,6438.53
DRV02107,64,4,81.2,0,0.6,38.2,4.6,0,0,87,Low,6782.91
DRV02108,25,6,60.6,4,5.0,56.6,23.8,1,2,43,High,18227.15
DRV02109,42,20,52.0,7,1.6,40.6,3.8,0,0,84,Low,5474.92
DRV02110,50,14,48.0,1,2.9,26.7,5.9,0,0,100,Low,4895.82
DRV02111,53,9,67.7,0,4.7,54.0,2.4,0,0,94,Low,6049.57
DRV02112,44,22,41.5,1,5.9,61.8,8.1,0,1,88,Low,6988.26
DRV02113,34,14,70.6,9,2.9,76.0,9.2,0,2,52,Medium,13096.64
DRV02114,69,44,54.0,1,3.0,29.8,1.9,0,1,90,Low,6453.28
DRV02115,27,8,52.4,0,4.0,70.7,14.1,0,0,85,Low,7152.01
DRV02116,22,4,61.9,1,5.5,45.8,0.7,1,3,47,High,19411.52
DRV02117,48,27,44.4,0,3.0,37.3,35.0,1,4,45,High,20150.48
DRV02118,33,11,52.0,7,4.1,31.2,11.4,0,0,77,Low,6691.31
DRV02119,18,0,25,1,0.5,52.5,2.9,0,0,94,Low,7839.69
DRV02120,53,23,55.6,2,1.2,15.8,8.1,0,0,100,Low,5516.14
DRV02121,18,0,55.7,0,3.6,41.1,1.8,0,0,87,Low,6693.86
DRV02122,32,11,53.9,0,3.0,34.4,15.2,2,0,79,Medium,11587.46
DRV02123,38,19,89.9,5,1.7,5,6.9,1,1,63,Medium,11472.94
DRV02124,28,0,54.8,0,1.9,72.0,21.3,0,2,66,Medium,13977.4
DRV02125,67,39,61.5,6,7.0,5,11.9,1,0,74,Medium,11165.26
DRV02126,42,24,84.5,1,3.2,25.3,14.6,0,1,72,Medium,11406.09
DRV02127,35,8,54.4,0,3.2,44.6,18.0,0,0,94,Low,6564.53
DRV02128,53,27,61.1,5,2.1,65.9,10.4,2,3,47,High,19426.92
DRV02129,50,20,33.7,0,2.3,22.7,3.1,0,1,97,Low,6019.3
DRV02130,35,17,85.0,8,1.2,50.1,5.5,3,0,55,Medium,12357.95
DRV02131,39,9,48.8,3,9.6,43.9,2.8,3,2,37,High,18613.46
DRV02132,61,16,42.5,2,2.5,29.1,12.2,3,0,70,Medium,11235.07
DRV02133,48,25,62.8,2,2.9,41.2,10.9,0,0,97,Low,5333.89
DRV02134,46,27,73.8,10,3.3,39.1,12.3,0,0,69,Medium,10691.77
DRV02135,34,14,60.2,1,0.1,5,46.9,4,0,53,Medium,13070.44
DRV02136,39,19,35.4,1,3.9,62.7,1.3,0,3,71,High,16978.77
DRV02137,56,15,33.1,1,1.0,67.9,3.4,2,0,94,Medium,9848.96
DRV02138,60,26,51.8,0,2.0,63.7,7.5,0,1,94,Low,6770.97
DRV02139,31,13,35.7,6,2.6,61.3,5.9,2,0,76,Medium,10484.19
DRV02140,24,1,50.3,4,3.1,36.3,11.4,1,0,70,Medium,12093.22
DRV02141,62,19,39.8,1,2.5,87.2,8.6,0,0,100,Low,5461.84
DRV02142,53,33,61.9,11,3.5,59.8,1.6,1,1,54,Medium,12591.19
DRV02143,56,33,58.7,2,1.2,33.1,10.8,2,0,88,Medium,10476.65
DRV02144,32,13,44.6,3,6.9,8.8,4.0,2,0,67,Medium,11244.75
DRV02145,45,9,70.1,8,3.1,66.5,8.4,1,0,59,Medium,11304.61
DRV02146,65,24,83.4,0,3.2,43.6,8.9,0,3,62,High,17293.07
DRV02147,29,10,29.0,1,4.4,37.7,19.1,1,0,78,Low,8179.72
DRV02148,29,3,66.1,6,8.3,44.4,5.4,0,1,52,Medium,12626.06
DRV02149,26,7,62.2,6,1.3,81.5,3.9,1,3,46,High,19138.3
DRV02150,44,16,35.5,4,10,22.3,14.3,0,0,64,Medium,9765.3
DRV02151,22,2,62.0,6,1.9,23.6,9.1,2,4,20,High,22562.41
DRV02152,37,8,25,1,4.8,42.9,4.9,0,2,72,Medium,12309.16
DRV02153,52,21,47.3,4,0.4,69.5,8.4,1,0,89,Low,7056.42
DRV02154,61,17,74.2,0,2.6,41.6,12.5,0,3,70,High,17220.62
DRV02155,33,0,53.9,11,3.2,31.3,7.5,0,0,60,Medium,11589.48
DRV02156,53,4,81.3,11,2.3,56.5,9.1,0,0,62,Medium,11958.05
DRV02157,46,15,71.8,0,2.1,83.3,12.9,0,1,76,Low,6247.35
DRV02158,40,15,50.1,3,2.2,66.5,5.1,0,1,87,Low,6848.24
DRV02159,50,23,86.4,1,0.7,5.5,6.9,0,1,82,Low,6801.66
DRV02160,69,3,89.7,5,4.5,30.0,14.3,0,1,50,Medium,13682.93
DRV02161,41,15,54.2,0,4.4,67.3,1.2,0,0,100,Low,5426.95
DRV02162,41,21,64.2,11,6.8,36.5,5.9,0,1,45,High,14821.84
DRV02163,45,7,50.5,6,3.8,92.2,11.3,1,1,56,Medium,13134.37
DRV02164,55,36,61.5,10,3.0,50.1,2.6,1,2,52,Medium,13524.86
DRV02165,23,4,63.5,13,1.0,42.0,18.3,0,1,47,High,16901.89
DRV02166,30,3,38.4,2,1.3,26.4,11.1,0,0,93,Low,7443.7
DRV02167,27,0,61.2,8,5.3,15.0,6.0,0,0,60,Medium,11550.6
DRV02168,53,34,42.5,3,4.9,18.1,7.2,1,0,80,Low,6228.13
DRV02169,50,9,68.1,1,2.7,55.2,7.9,0,2,79,Medium,11221.21
DRV02170,48,2,81.3,4,1.0,50.5,19.6,0,2,54,Medium,14589.67
DRV02171,68,10,91.1,1,2.3,55.2,9.8,0,1,66,Medium,12420.83
DRV02172,49,29,43.8,1,1.6,78.7,19.2,0,2,72,Medium,10762.76
DRV02173,50,4,93.8,4,6.4,83.4,8.7,0,0,62,Medium,11469.51
DRV02174,67,13,73.0,2,0.3,57.0,5.8,2,3,46,High,18811.48
DRV02175,63,8,70.0,4,0.6,46.5,18.4,1,1,56,Medium,11839.18
DRV02176,22,2,46.6,0,1.3,22.5,26.5,0,2,64,Medium,13421.51
DRV02177,62,34,51.0,3,4.6,19.5,6.7,2,0,84,Medium,11392.44
DRV02178,38,17,62.7,1,2.3,36.7,3.0,0,0,100,Low,5178.08
DRV02179,31,4,48.5,5,2.7,46.2,9.8,0,1,71,Medium,12269.29
DRV02180,19,0,57.4,1,2.3,65.6,8.3,0,1,81,Low,8962.5
DRV02181,43,7,51.1,0,1.6,48.6,6.9,0,0,100,Low,6337.99
DRV02182,37,0,50.3,5,1.7,47.1,8.7,1,1,60,Medium,12200.56
DRV02183,22,3,50.2,1,3.3,45.1,6.7,1,0,80,Low,8203.95
DRV02184,65,25,46.0,2,1.7,47.9,20.7,0,0,100,Low,5761.1
DRV02185,30,4,75.2,3,2.0,22.9,8.1,0,4,41,High,19623.9
DRV02186,44,20,67.1,5,2.4,46.2,15.9,1,1,68,Medium,10810.98
DRV02187,42,16,59.8,6,0.6,70.8,25.8,0,1,72,Medium,11281.97
DRV02188,63,38,43.4,10,2.3,37.1,2.2,1,0,82,Low,6446.87
DRV02189,19,0,54.9,1,1.8,77.0,1.4,0,0,87,Low,7194.55
DRV02190,54,21,63.9,6,4.0,39.3,5.9,0,0,87,Low,6128.89
DRV02191,65,44,33.6,13,2.2,53.6,29.1,0,0,56,Medium,11138.34
DRV02192,36,10,47.9,4,7.6,39.1,11.2,0,2,50,Medium,12907.69
DRV02193,23,5,88.1,0,2.8,35.1,15.6,1,0,68,Medium,12147.03
DRV02194,65,15,70.3,27,3.7,52.9,13.4,2,1,20,High,19439.78
DRV02195,27,8,61.3,0,3.5,63.9,7.2,0,4,55,High,19019.72
DRV02196,26,6,69.7,4,3.7,32.6,10.6,0,0,82,Low,6455.2
DRV02197,35,2,92.2,2,3.8,24.8,8.2,2,0,51,Medium,13571.26
DRV02198,24,4,65.4,5,2.9,34.0,4.0,2,0,73,Medium,12005.58
DRV02199,60,33,85.4,5,3.2,24.4,9.6,1,3,41,High,18768.2
DRV02200,48,17,50.5,0,1.7,43.5,2.7,1,1,92,Low,6492.59
DRV02201,28,2,40.7,3,4.2,65.4,8.1,0,0,80,Low,6984.35
DRV02202,31,13,25,2,2.6,12.2,24.5,4,1,48,High,18071.6
DRV02203,61,30,84.9,3,7.4,50.4,20.5,0,1,63,Medium,11572.4
DRV02204,45,24,65.5,0,3.2,18.4,5.1,0,1,90,Low,5975.35
DRV02205,37,17,42.7,4,4.2,57.0,27.5,1,0,69,Medium,11102.59
DRV02206,26,6,43.1,1,6.5,52.1,10.0,0,0,82,Low,6819.24
DRV02207,69,2,63.0,0,1.2,68.3,4.8,0,3,65,High,18208.22
DRV02208,41,14,58.4,9,6.2,51.4,9.1,0,1,59,Medium,11257.5
DRV02209,23,3,49.0,0,3.0,46.7,7.3,1,0,85,Low,7109.48
DRV02210,19,0,55.2,7,1.5,25.8,19.9,0,0,66,Medium,12461.47
DRV02211,34,4,80.7,4,1.2,94.5,10.5,2,2,43,High,18570.36
DRV02212,29,2,47.0,0,1.6,75.0,9.4,1,2,72,Medium,13612.5
DRV02213,37,4,51.2,9,1.5,32.9,5.6,2,0,65,Medium,12870.15
DRV02214,69,32,61.2,2,2.3,66.9,11.2,0,0,100,Low,5862.3
DRV02215,63,41,39.2,4,1.0,19.4,11.8,0,3,63,High,16809.98
DRV02216,63,22,48.9,4,0.9,84.3,16.2,0,1,83,Low,7168.73
DRV02217,31,11,76.2,0,2.7,83.4,13.2,3,0,61,Medium,11693.2
DRV02218,54,2,61.2,9,3.0,74.1,15.1,1,0,55,Medium,12626.23
DRV02219,24,4,31.1,6,2.7,45.5,7.2,1,0,70,Medium,12066.04
DRV02220,45,23,48.4,4,0.5,28.3,4.9,0,0,99,Low,5951.16
DRV02221,61,34,50.0,3,5.7,53.8,6.7,2,0,79,Medium,11134.92
DRV02222,54,25,59.2,1,3.8,84.0,4.9,1,2,73,Medium,12476.6
DRV02223,54,22,46.7,2,2.8,83.8,7.3,0,0,100,Low,5494.14
DRV02224,23,0,44.3,11,2.4,14.6,7.7,0,1,58,Medium,14394.33
DRV02225,31,4,73.3,3,4.0,35.0,2.7,1,0,68,Medium,11181.01
DRV02226,64,1,57.8,7,1.2,31.6,20.0,1,0,60,Medium,12360.05
DRV02227,41,20,64.5,19,7.0,44.1,4.5,0,2,29,High,17213.29
DRV02228,41,20,65.2,1,6.1,44.4,17.0,3,2,45,High,18836.5
DRV02229,31,11,69.3,2,3.6,43.7,20.2,1,0,74,Medium,10659.44
DRV02230,39,12,25,0,1.4,68.8,8.8,2,0,87,Medium,10978.24
DRV02231,33,8,44.6,2,2.1,73.9,1.6,0,0,100,Low,6271.84
DRV02232,59,37,65.5,1,4.1,27.0,5.6,1,0,90,Low,6594.7
DRV02233,39,5,68.3,0,2.3,47.7,5.1,0,0,94,Low,7157.69
DRV02234,44,19,53.7,9,3.9,72.5,9.5,0,0,80,Low,6346.64
DRV02235,65,5,48.8,0,2.2,54.9,5.1,1,1,84,Low,8249.17
DRV02236,44,22,25,0,3.7,47.1,1.7,0,0,100,Low,5400.76
DRV02237,26,8,36.1,2,0.9,67.2,6.4,1,0,82,Low,6427.33
DRV02238,48,6,58.6,19,8.9,44.5,11.0,0,0,39,High,16330.68
DRV02239,56,18,36.6,0,2.3,22.2,2.7,1,0,100,Low,5549.04
DRV02240,46,2,29.5,2,3.1,47.6,14.0,0,2,60,Medium,12643.74
DRV02241,53,23,93.6,4,4.0,53.8,4.4,0,0,69,Medium,9849.54
DRV02242,67,16,63.1,19,1.5,50.0,2.3,0,0,58,Medium,10908.34
DRV02243,46,8,42.6,0,5.1,41.9,21.4,1,1,77,Low,8070.57
DRV02244,55,23,73.9,2,0.9,39.1,11.3,1,0,93,Low,5944.03
DRV02245,26,3,73.6,3,1.5,24.5,6.5,1,1,57,Medium,12094.73
DRV02246,21,3,60.7,6,2.7,31.5,10.1,2,0,67,Medium,13009.17
DRV02247,42,20,79.2,7,0.6,73.5,1.4,0,1,80,Low,6684.49
DRV02248,18,0,47.4,0,5.1,58.8,0.8,1,0,86,Low,8643.29
DRV02249,22,4,50.6,0,6.5,48.0,5.7,0,0,81,Low,7852.96
DRV02250,18,0,74.7,0,7.9,5,9.0,0,0,69,Medium,11414.33
DRV02251,40,18,47.5,0,1.1,25.2,0.9,0,2,84,Medium,10138.31
DRV02252,29,5,71.8,3,1.9,18.6,7.7,1,0,79,Low,7658.89
DRV02253,36,15,86.8,2,3.0,99.6,16.9,0,2,62,Medium,13244.57
DRV02254,61,24,77.9,12,0.8,79.6,7.7,0,0,72,Medium,9953.88
DRV02255,51,8,53.2,8,4.0,104.7,21.2,1,0,57,Medium,12043.69
DRV02256,49,31,63.8,0,10,29.9,9.9,0,3,53,High,17671.04
DRV02257,30,5,75.4,1,0.5,84.6,18.6,1,1,69,Medium,12164.77
DRV02258,24,2,63.3,5,0.2,45.8,17.9,0,0,77,Low,7162.47
DRV02259,41,13,79.9,7,1.6,51.5,5.2,1,0,63,Medium,10231.26
DRV02260,55,17,87.0,1,1.0,22.8,2.3,1,0,88,Low,5982.19
DRV02261,34,6,48.4,8,3.1,17.1,3.7,0,0,80,Low,6937.62
DRV02262,51,9,59.5,3,3.7,64.6,1.7,0,2,72,Medium,12666.99
DRV02263,47,16,61.8,2,1.5,8.2,10.1,0,3,66,High,17023.36
DRV02264,31,12,52.4,12,1.1,20.9,3.7,1,0,67,Medium,11341.04
DRV02265,22,3,81.7,5,3.6,41.2,7.3,0,0,68,Medium,11737.14
DRV02266,34,14,44.4,9,5.3,63.5,11.0,0,1,62,Medium,11133.01
DRV02267,64,42,73.4,1,0.7,72.4,4.7,0,1,97,Low,6974.7
DRV02268,63,8,52.3,4,3.1,54.5,0.4,0,0,88,Low,6673.56
DRV02269,27,9,63.2,10,2.3,16.6,5.7,0,1,64,Medium,11656.52
DRV02270,25,5,62.3,8,6.8,91.9,3.9,1,0,60,Medium,11973.01
DRV02271,31,12,50.3,1,4.0,35.2,16.8,1,1,66,Medium,11159.22
DRV02272,51,32,89.1,2,0.6,78.5,3.1,0,1,84,Low,7734.04
DRV02273,32,8,82.0,3,0.5,85.2,4.7,0,2,62,Medium,13273.78
DRV02274,46,0,55.3,0,2.0,63.8,18.2,0,0,81,Low,7432.64
DRV02275,64,31,57.3,0,2.4,74.6,0.8,0,3,83,High,17026.37
DRV02276,53,9,88.4,6,4.5,91.0,12.1,2,0,52,Medium,12380.85
DRV02277,48,17,64.8,0,1.8,8.6,12.6,0,0,100,Low,4663.32
DRV02278,45,18,71.6,9,2.5,83.1,1.4,0,0,81,Low,6442.16
DRV02279,34,6,77.4,5,3.8,47.7,2.7,1,4,29,High,20202.61
DRV02280,27,4,59.6,1,1.6,53.3,2.6,0,0,95,Low,6058.65
DRV02281,42,8,44.2,0,2.6,27.1,7.0,4,0,65,Medium,12210.54
DRV02282,34,5,68.8,3,1.4,56.0,19.6,2,0,62,Medium,11946.18
DRV02283,43,14,41.3,2,3.7,60.3,11.5,1,0,69,Medium,10195.4
DRV02284,22,4,42.3,21,0.4,82.1,11.1,0,0,47,High,17061.19
DRV02285,56,0,50.0,2,2.3,22.8,2.7,1,0,82,Low,7791.39
DRV02286,36,5,57.9,1,4.2,23.2,5.5,0,0,87,Low,5500.98
DRV02287,24,6,83.4,9,1.7,31.2,12.8,1,1,36,High,17126.3
DRV02288,39,15,61.8,0,2.9,82.9,7.6,0,0,100,Low,5377.2
DRV02289,25,0,66.5,2,2.7,9.4,4.1,1,0,75,Low,8072.23
DRV02290,35,11,44.9,4,6.1,29.5,4.4,0,0,85,Low,6632.97
DRV02291,61,39,92.1,4,1.5,83.2,17.8,0,3,44,High,18519.0
DRV02292,50,26,58.1,5,2.2,41.6,4.5,0,3,69,High,16422.15
DRV02293,55,18,76.6,9,1.8,5,4.0,0,2,53,Medium,11697.52
DRV02294,66,22,33.9,6,5.8,23.6,14.5,1,1,55,Medium,11102.74
DRV02295,65,5,40.1,6,1.6,85.5,37.3,1,1,49,High,17693.53
DRV02296,41,7,48.9,4,3.7,53.2,25.2,0,2,51,Medium,13180.34
DRV02297,19,0,30.6,1,2.4,64.0,4.5,2,1,68,Medium,14522.59
DRV02298,33,13,47.0,5,0.5,35.9,4.8,3,2,52,Medium,14119.31
DRV02299,42,6,79.5,1,7.2,112.9,8.1,2,0,56,Medium,12104.29
DRV02300,36,12,35.4,1,10,55.1,18.6,2,3,32,High,19461.32
DRV02301,68,36,48.8,1,4.3,35.2,9.6,1,1,82,Low,7847.24
DRV02302,51,16,43.1,3,3.0,33.4,5.3,0,1,83,Low,7895.48
DRV02303,51,13,60.1,6,2.2,43.9,14.0,0,1,76,Low,7730.77
DRV02304,51,30,44.4,0,0.8,82.8,16.3,0,0,100,Low,6192.63
DRV02305,43,3,71.5,0,3.1,24.3,12.6,3,3,37,High,21022.58
DRV02306,31,3,25,2,2.2,48.6,12.0,1,1,71,Medium,12190.4
DRV02307,19,1,56.0,13,3.4,75.9,15.5,0,0,61,Medium,12796.25
DRV02308,32,4,30.8,2,2.7,43.5,14.7,0,0,84,Low,7255.72
DRV02309,29,8,60.1,0,2.9,49.2,10.1,1,1,76,Low,8939.79
DRV02310,23,3,38.7,5,3.2,49.4,5.5,0,0,77,Low,7334.24
DRV02311,65,37,60.3,0,4.3,63.7,26.6,0,1,80,Low,7090.77
DRV02312,41,5,67.5,0,1.1,99.0,14.6,0,0,83,Low,5948.05
DRV02313,33,11,67.5,1,2.8,28.4,3.1,1,2,69,Medium,11867.39
DRV02314,31,2,66.9,14,4.1,50.2,11.5,0,0,51,Medium,12845.96
DRV02315,52,8,49.6,4,2.4,9.6,10.7,1,0,79,Low,7281.44
DRV02316,40,9,33.3,0,3.3,40.8,24.4,2,1,55,Medium,12755.26
DRV02317,35,10,48.8,2,0.9,31.7,10.9,2,0,78,Medium,10980.35
DRV02318,35,4,30.5,0,2.2,22.9,7.3,0,0,88,Low,6355.18
DRV02319,39,10,48.0,11,1.0,38.2,17.6,0,0,68,Medium,10334.72
DRV02320,24,5,58.8,4,1.9,44.0,12.2,1,0,81,Low,8032.19
DRV02321,59,16,52.0,0,2.3,84.8,3.7,0,0,100,Low,4491.05
DRV02322,49,17,35.4,1,1.5,83.2,27.4,1,0,80,Low,6313.17
DRV02323,19,1,70.1,1,2.3,55.5,11.2,1,0,83,Low,7903.84
DRV02324,24,3,48.5,3,6.8,55.1,9.7,0,0,82,Low,7044.15
DRV02325,67,28,46.6,5,0.3,55.9,20.9,4,0,60,Medium,12154.32
DRV02326,30,12,70.1,1,1.0,55.5,5.7,2,1,75,Medium,11896.98
DRV02327,41,10,31.4,1,4.3,33.5,25.1,1,3,40,High,19095.96
DRV02328,60,13,66.2,10,3.1,88.9,19.7,0,2,40,High,16713.9
DRV02329,37,18,73.9,5,0.6,63.4,9.4,0,0,87,Low,6094.86
DRV02330,58,37,46.8,1,2.4,52.7,5.2,1,0,87,Low,5439.85
DRV02331,51,32,35.9,0,0.8,38.1,21.5,1,0,92,Low,6499.62
DRV02332,20,0,53.8,3,1.4,52.2,5.1,0,0,85,Low,7582.76
DRV02333,18,0,36.1,2,10,38.8,2.1,0,0,76,Low,8329.13
DRV02334,24,6,59.0,2,1.7,6.7,31.7,1,0,69,Medium,12386.75
DRV02335,29,4,68.6,2,3.1,85.7,14.2,1,0,65,Medium,11310.3
DRV02336,44,7,31.8,1,0.9,62.9,9.4,0,1,87,Low,7876.37
DRV02337,46,21,89.6,1,7.0,77.3,6.7,0,1,65,Medium,11735.19
DRV02338,30,9,51.1,3,6.9,104.2,0.7,0,0,84,Low,5832.64
DRV02339,42,13,43.6,0,3.5,10.1,12.0,0,1,79,Low,6295.11
DRV02340,26,4,44.2,0,0.6,66.6,5.0,1,0,87,Low,7462.29
DRV02341,31,8,27.2,4,3.2,75.8,6.6,1,2,56,Medium,12947.35
DRV02342,43,20,73.1,15,7.9,5,7.6,0,0,57,Medium,11411.61
DRV02343,43,20,57.8,1,1.7,13.1,4.7,0,0,100,Low,5299.42
DRV02344,45,11,62.3,1,0.5,65.1,2.6,0,0,100,Low,4558.09
DRV02345,26,0,58.0,3,3.8,58.0,15.1,1,0,67,Medium,11741.36
DRV02346,38,17,49.5,3,8.1,75.2,10.0,2,0,70,Medium,11129.9
DRV02347,49,3,59.5,0,0.9,35.6,10.1,1,0,90,Low,7384.36
DRV02348,56,5,43.4,9,4.6,44.0,6.1,0,1,66,Medium,12522.59
DRV02349,48,0,53.7,3,0.9,26.6,6.0,4,2,49,High,20545.53
DRV02350,18,0,25,5,0.8,54.7,3.7,0,0,81,Low,7864.99
DRV02351,69,12,61.4,25,1.6,37.6,1.7,1,0,36,High,16708.6
DRV02352,44,13,44.3,0,1.5,60.8,36.6,0,0,86,Low,6019.06
DRV02353,38,10,49.2,11,2.6,69.3,0.6,2,2,49,High,17966.68
DRV02354,53,31,78.3,1,3.4,56.2,9.0,0,0,91,Low,6617.98
DRV02355,30,9,66.9,10,0.3,9.7,5.7,0,0,82,Low,7293.93
DRV02356,39,15,72.1,3,1.4,5,16.6,0,0,84,Low,5433.47
DRV02357,51,21,41.2,5,3.8,21.7,20.4,0,0,75,Low,6334.34
DRV02358,24,0,49.9,1,2.3,38.3,5.1,1,0,81,Low,8424.39
DRV02359,21,0,40.4,1,2.6,34.0,5.0,0,1,83,Low,9086.21
DRV02360,65,17,50.8,0,5.3,52.2,4.0,1,0,93,Low,7026.88
DRV02361,70,36,57.8,4,3.4,37.4,12.8,0,0,93,Low,5837.35
DRV02362,62,36,59.9,0,0.6,88.7,7.2,0,0,100,Low,4720.77
DRV02363,63,41,77.1,21,2.4,62.3,1.3,1,1,37,High,17460.94
DRV02364,63,40,43.7,1,1.2,120.2,11.8,0,0,93,Low,5355.23
DRV02365,42,11,70.4,0,0.3,48.8,14.2,1,1,73,Medium,11453.08
DRV02366,70,10,35.1,15,8.0,69.6,21.3,0,0,34,High,15995.09
DRV02367,65,7,79.5,11,1.5,53.4,12.3,0,0,60,Medium,11323.66
DRV02368,47,1,68.1,0,5.1,52.8,10.7,2,1,54,Medium,13044.22
DRV02369,70,31,74.6,0,4.8,14.1,16.2,2,0,70,Medium,10727.5
DRV02370,59,38,69.5,0,3.1,36.9,6.4,0,1,85,Low,5244.19
DRV02371,70,10,66.8,6,8.5,66.1,7.3,2,2,38,High,18372.41
DRV02372,69,18,54.6,3,2.2,6.4,7.1,1,2,69,Medium,11901.66
DRV02373,48,6,52.7,0,1.0,57.2,5.5,4,0,68,Medium,12288.6
DRV02374,57,39,38.7,4,2.0,5,7.4,0,1,87,Low,7144.98
DRV02375,20,0,53.6,1,1.7,42.5,3.2,0,0,83,Low,6976.22
DRV02376,54,12,60.9,0,4.3,65.2,11.4,0,1,78,Low,7043.77
DRV02377,65,46,61.2,1,4.0,25.3,11.2,0,0,97,Low,5817.12
DRV02378,55,37,66.7,0,1.6,85.5,4.8,0,0,100,Low,4980.83
DRV02379,33,8,46.5,2,8.2,7.7,1.9,0,1,71,Medium,10612.82
DRV02380,54,5,47.6,9,4.8,52.2,14.0,0,2,49,High,18319.89
DRV02381,49,22,78.9,9,2.9,54.3,21.3,1,0,51,Medium,10341.52
DRV02382,29,9,57.6,0,3.5,64.0,21.6,1,0,78,Low,7643.33
DRV02383,66,17,63.0,4,1.8,101.8,2.1,0,0,89,Low,5477.24
DRV02384,48,8,47.3,7,1.2,32.6,0.2,1,0,83,Low,6810.55
DRV02385,57,39,51.0,0,8.6,35.1,5.2,3,0,70,Medium,11906.91
DRV02386,58,4,69.4,2,2.4,60.6,2.7,0,2,69,Medium,12480.94
DRV02387,29,4,65.1,1,2.6,29.2,38.6,1,0,64,Medium,12424.31
DRV02388,63,44,69.4,3,0.1,79.0,2.5,1,0,87,Low,6567.66
DRV02389,69,39,85.1,1,5.0,27.6,21.6,0,4,42,High,19592.61
DRV02390,67,22,66.1,0,1.7,57.8,2.5,2,0,89,Medium,9560.13
DRV02391,43,2,54.5,3,2.8,52.7,2.6,2,0,75,Medium,12586.87
DRV02392,45,12,39.6,0,2.2,81.4,8.7,1,1,77,Low,7435.15
DRV02393,63,21,70.7,3,1.3,86.9,28.9,0,0,75,Low,5793.45
DRV02394,35,16,63.9,0,0.8,55.6,7.9,0,0,100,Low,4680.31
DRV02395,27,0,82.9,6,0.4,22.8,13.2,0,0,64,Medium,11445.03
DRV02396,51,25,39.6,3,5.1,67.2,4.3,0,1,78,Low,7146.1
DRV02397,56,6,69.8,1,4.5,37.2,21.9,0,0,78,Low,7233.29
DRV02398,51,20,66.3,1,8.0,36.7,4.0,0,0,99,Low,5190.22
DRV02399,64,8,73.5,5,1.7,78.9,7.8,1,4,40,High,21398.92
DRV02400,38,7,96.7,8,1.2,23.9,8.7,0,0,61,Medium,11960.37
DRV02401,64,12,44.9,4,3.9,20.2,13.9,0,0,81,Low,6410.75
DRV02402,52,31,49.4,0,4.6,49.1,6.0,0,2,78,Medium,10538.27
DRV02403,41,2,81.8,6,4.0,52.2,22.1,0,0,53,Medium,12299.96
DRV02404,22,3,57.2,3,4.8,12.5,9.7,1,3,41,High,19484.91
DRV02405,53,20,54.5,4,6.6,32.0,14.3,0,4,45,High,18797.43
DRV02406,59,14,36.8,5,1.6,90.6,12.7,0,0,83,Low,6272.36
DRV02407,29,10,67.1,1,5.3,55.6,6.9,4,4,22,High,21852.17
DRV02408,18,0,36.6,3,6.9,33.8,20.9,0,1,50,Medium,14169.97
DRV02409,33,0,71.4,1,4.2,5,11.3,0,0,81,Low,7101.46
DRV02410,39,3,68.3,0,0.5,91.8,2.2,0,0,95,Low,6057.75
DRV02411,65,45,64.5,3,3.2,42.9,15.2,1,0,79,Low,6870.7
DRV02412,56,0,71.5,0,0.7,40.4,32.1,0,0,70,Medium,11592.42
DRV02413,50,29,85.3,19,1.4,5,15.4,1,0,34,High,16535.27
DRV02414,68,33,67.4,3,1.6,16.0,6.3,1,1,87,Low,6693.64
DRV02415,25,1,72.2,1,3.9,33.2,28.1,0,0,61,Medium,10831.19
DRV02416,33,3,100.9,2,1.2,5,23.7,0,3,38,High,19675.17
DRV02417,19,0,61.5,0,2.6,102.8,7.4,0,0,92,Low,7768.51
DRV02418,22,2,64.8,0,3.3,49.5,2.1,0,0,91,Low,6730.46
DRV02419,66,4,53.7,2,4.8,80.1,5.8,1,0,77,Low,7260.34
DRV02420,26,1,72.6,8,2.5,54.1,13.6,0,0,60,Medium,12299.43
DRV02421,54,19,75.1,5,1.1,76.5,28.6,0,0,71,Medium,10671.68
DRV02422,63,33,64.8,5,5.4,17.2,24.3,0,0,73,Medium,10258.93
DRV02423,50,30,51.8,6,4.1,50.1,9.0,0,0,84,Low,6124.73
DRV02424,41,3,46.0,5,2.6,37.1,24.9,1,2,44,High,18911.96
DRV02425,53,1,25,4,6.6,48.6,1.6,1,0,65,Medium,11800.14
DRV02426,39,19,65.3,5,3.5,77.1,14.7,0,2,66,Medium,11691.44
DRV02427,67,15,42.9,4,2.1,34.9,8.1,2,2,69,Medium,13314.07
DRV02428,65,29,64.1,1,2.9,45.9,4.3,0,1,89,Low,6863.34
DRV02429,32,10,52.5,5,0.5,65.7,15.4,1,0,68,Medium,10537.46
DRV02430,55,10,37.0,0,2.9,7.7,14.9,0,1,80,Low,8087.31
DRV02431,22,0,60.7,0,2.8,28.3,10.9,3,0,74,Medium,12543.9
DRV02432,37,17,41.5,2,1.7,60.1,6.0,3,0,79,Medium,11622.89
DRV02433,48,2,60.1,0,2.9,50.8,5.0,0,0,91,Low,7065.37
DRV02434,68,48,69.8,1,2.4,51.3,10.7,2,1,72,Medium,12531.45
DRV02435,61,3,58.7,0,2.8,13.8,18.3,0,0,87,Low,6809.8
DRV02436,47,0,54.0,0,0.9,76.8,5.3,2,1,72,Medium,12875.46
DRV02437,68,7,65.7,0,1.7,67.8,19.4,1,0,87,Low,6713.13
DRV02438,48,9,86.8,13,5.1,55.8,3.5,1,0,48,High,17149.0
DRV02439,34,3,52.9,7,0.9,39.1,14.3,1,0,70,Medium,11940.94
DRV02440,61,19,55.9,2,2.3,82.5,5.6,1,0,94,Low,5906.5
DRV02441,61,20,47.0,5,2.0,18.9,8.2,0,2,72,Medium,12138.77
DRV02442,66,20,49.0,3,5.5,44.9,2.0,2,1,72,Medium,11616.93
DRV02443,20,0,60.6,1,2.4,35.8,7.0,0,1,82,Low,8779.81
DRV02444,59,10,54.0,0,9.7,47.7,10.2,2,1,53,Medium,12926.75
DRV02445,34,9,70.8,1,5.2,36.1,9.6,2,0,68,Medium,11980.72
DRV02446,20,1,32.0,0,0.2,67.2,30.6,0,0,88,Low,8564.86
DRV02447,47,11,68.0,2,4.0,7.5,23.6,2,2,41,High,17843.17
DRV02448,55,6,60.2,7,0.4,51.9,7.2,0,0,81,Low,6984.27
DRV02449,45,1,25,7,4.4,14.9,1.4,0,0,69,Medium,10333.09
DRV02450,24,5,47.4,4,2.4,50.3,5.0,1,1,69,Medium,13146.0
DRV02451,50,16,93.7,2,3.8,29.8,21.2,2,0,57,Medium,11687.9
DRV02452,69,19,36.9,1,4.3,23.7,17.9,0,1,81,Low,6613.8
DRV02453,36,4,51.0,1,8.7,52.2,4.7,0,1,71,Medium,12212.3
DRV02454,47,13,69.1,0,4.8,38.6,5.8,0,0,96,Low,5848.46
DRV02455,32,8,65.2,0,5.5,53.9,9.5,1,0,75,Low,7742.95
DRV02456,51,8,25,2,3.1,67.7,4.6,1,0,85,Low,6133.54
DRV02457,47,6,57.0,2,6.4,35.3,2.4,0,0,81,Low,7042.27
DRV02458,66,10,67.6,3,1.7,54.5,10.5,0,1,86,Low,7296.87
DRV02459,39,6,62.2,9,3.0,41.6,1.2,0,0,78,Low,7374.03
DRV02460,19,1,79.2,7,3.0,58.7,3.3,0,3,43,High,19814.5
DRV02461,51,21,100.1,0,5.1,69.2,24.9,0,0,71,Medium,10873.21
DRV02462,21,3,60.2,4,3.0,52.6,12.2,0,0,74,Medium,10927.36
DRV02463,38,18,54.2,1,0.8,51.4,13.3,1,1,86,Low,7328.91
DRV02464,41,14,59.0,0,0.3,42.3,10.6,0,0,96,Low,4563.65
DRV02465,47,10,97.7,5,1.0,52.4,1.2,1,0,65,Medium,11092.18
DRV02466,68,31,47.1,1,3.8,80.5,6.7,1,0,96,Low,5888.21
DRV02467,57,18,54.3,0,2.7,36.7,11.0,1,0,90,Low,7178.58
DRV02468,32,10,32.3,1,0.6,34.5,5.5,0,2,80,Medium,12055.26
DRV02469,36,6,79.8,0,6.7,7.6,17.0,0,3,33,High,19165.03
DRV02470,53,26,34.0,8,5.2,32.8,7.2,0,0,79,Low,6225.43
DRV02471,59,27,49.2,2,4.3,51.6,8.9,0,0,100,Low,6018.29
DRV02472,35,6,63.6,5,2.3,40.0,10.5,2,4,30,High,21111.82
DRV02473,18,0,45.6,2,3.9,55.3,2.2,0,0,75,Low,7300.62
DRV02474,62,37,61.3,14,6.6,53.9,15.0,0,3,34,High,18722.17
DRV02475,25,2,35.8,18,6.7,86.1,10.1,1,0,32,High,18419.04
DRV02476,29,5,60.5,0,3.5,24.8,0.2,2,1,73,Medium,13158.84
DRV02477,20,2,61.8,9,1.8,46.3,8.0,0,0,62,Medium,12279.59
DRV02478,35,14,77.2,6,0.4,15.7,10.0,0,0,82,Low,7158.51
DRV02479,20,0,63.5,0,2.0,9.9,4.4,0,1,86,Low,7842.44
DRV02480,33,14,27.9,9,7.1,67.0,18.2,0,0,58,Medium,10915.75
DRV02481,36,17,55.8,1,3.1,27.7,5.0,0,1,85,Low,6567.29
DRV02482,44,6,51.8,0,4.4,12.7,16.9,0,1,81,Low,7567.71
DRV02483,28,1,47.0,0,5.2,86.7,16.1,0,0,84,Low,7218.03
DRV02484,47,29,59.7,7,4.8,39.2,6.4,2,0,72,Medium,10907.22
DRV02485,70,47,51.6,2,2.5,72.0,9.4,0,0,100,Low,5473.24
DRV02486,40,4,81.8,10,2.8,49.9,6.5,0,0,55,Medium,11479.34
DRV02487,49,8,42.3,22,3.0,32.3,5.7,0,1,27,High,17217.96
DRV02488,44,19,72.4,2,4.9,87.4,8.5,0,0,84,Low,5842.08
DRV02489,45,6,47.6,6,0.8,38.9,4.4,0,0,88,Low,6527.69
DRV02490,19,0,64.1,8,2.3,55.4,6.5,0,0,70,Medium,12308.65
DRV02491,43,3,50.9,2,2.9,64.1,9.0,0,0,81,Low,7126.58
DRV02492,52,12,47.6,10,4.7,26.5,4.5,1,0,63,Medium,10367.18
DRV02493,45,21,58.0,3,1.1,74.8,7.7,0,1,88,Low,6620.97
DRV02494,70,47,46.6,2,4.1,55.8,8.3,0,0,100,Low,4901.64
DRV02495,36,4,29.2,7,3.1,67.8,4.3,1,1,62,Medium,12824.11
DRV02496,18,0,37.2,7,7.5,5,2.0,1,2,38,High,18796.07
DRV02497,18,0,35.2,0,1.8,39.2,6.2,0,1,84,Low,9103.49
DRV02498,39,13,39.0,1,1.5,66.5,1.5,0,0,100,Low,5488.69
DRV02499,52,5,60.6,0,3.2,46.8,27.9,2,0,67,Medium,12422.35
DRV02500,27,4,47.8,11,0.6,45.2,0.9,1,1,58,Medium,13259.75
DRV02501,21,3,70.4,0,0.4,50.9,9.3,0,0,89,Low,7598.45
DRV02502,26,7,35.3,2,2.3,53.5,7.9,0,0,91,Low,6770.13
DRV02503,53,6,49.1,0,2.5,102.9,6.8,0,1,78,Low,7117.34
DRV02504,56,17,68.8,7,10,82.0,4.9,0,0,62,Medium,9608.09
DRV02505,57,21,25,6,3.0,46.7,25.1,1,0,70,Medium,10887.65
DRV02506,56,7,68.3,3,3.7,68.8,6.4,0,0,85,Low,7301.05
DRV02507,23,3,67.6,0,8.1,42.4,28.0,0,0,69,Medium,11644.04
DRV02508,34,6,32.3,1,1.9,78.4,3.8,1,0,90,Low,7096.41
DRV02509,62,0,45.9,0,10,28.3,7.9,0,0,79,Low,7859.42
DRV02510,46,17,50.2,0,6.0,73.0,0.9,2,1,77,Medium,12764.57
DRV02511,39,16,56.0,12,1.9,23.0,8.2,0,0,73,Medium,10119.48
DRV02512,36,8,65.5,0,5.4,15.7,7.1,1,0,83,Low,6744.19
DRV02513,70,49,70.3,2,1.4,56.0,6.3,3,1,69,Medium,11863.08
DRV02514,24,6,51.5,2,4.9,5,12.0,0,0,90,Low,6630.06
DRV02515,32,11,63.1,0,3.8,86.9,5.7,0,0,100,Low,6725.56
DRV02516,26,5,68.5,1,4.5,58.4,7.8,0,0,81,Low,6830.88
DRV02517,29,9,60.8,0,4.0,41.9,0.9,0,1,83,Low,8266.75
DRV02518,30,9,70.5,1,0.8,74.9,14.9,0,2,68,Medium,12225.38
DRV02519,69,27,47.5,6,1.4,16.1,11.1,0,4,49,High,19146.43
DRV02520,47,21,54.3,15,3.2,42.6,7.9,0,0,63,Medium,10386.68
DRV02521,61,0,49.2,1,3.3,20.0,31.4,2,0,57,Medium,13543.0
DRV02522,39,20,39.3,6,2.4,61.8,8.9,0,1,77,Low,8041.49
DRV02523,44,17,67.3,0,1.8,18.4,20.8,0,0,96,Low,5259.96
DRV02524,43,3,65.0,12,4.0,51.1,7.5,0,1,43,High,17490.09
DRV02525,51,33,94.8,3,1.3,32.2,12.8,2,1,54,Medium,12310.32
DRV02526,59,39,45.6,2,5.3,70.4,2.6,0,2,79,Medium,11558.56
DRV02527,59,15,71.6,3,1.0,25.9,4.3,0,1,79,Low,6047.49
DRV02528,31,7,79.2,6,4.4,41.0,15.2,2,0,49,High,16852.94
DRV02529,66,23,58.7,0,3.9,50.4,4.8,0,2,79,Medium,10793.68
DRV02530,61,4,57.6,3,0.8,50.3,4.2,0,0,94,Low,7385.08
DRV02531,29,9,56.2,7,1.7,51.8,9.0,0,0,81,Low,6674.52
DRV02532,18,0,45.3,5,0.8,19.5,29.8,2,2,37,High,20906.12
DRV02533,37,16,61.6,6,3.3,121.6,3.1,0,1,75,Low,7710.68
DRV02534,25,7,63.5,5,3.6,46.8,9.6,0,0,78,Low,7155.41
DRV02535,33,0,70.9,5,1.9,24.9,14.0,0,0,71,Medium,11236.97
DRV02536,41,19,65.6,1,0.8,35.9,15.6,0,0,99,Low,5648.5
DRV02537,20,0,64.6,2,3.7,54.2,3.9,1,0,71,Medium,12476.65
DRV02538,24,5,58.8,2,1.0,23.7,18.4,0,1,77,Low,8544.18
DRV02539,30,8,48.2,0,2.8,59.1,11.9,1,3,53,High,18905.05
DRV02540,19,1,60.3,6,0.8,46.8,6.9,1,0,73,Medium,12718.74
DRV02541,53,18,42.2,0,6.7,62.5,8.6,0,0,92,Low,5335.93
DRV02542,19,1,39.6,7,2.2,70.0,6.5,0,0,77,Low,8541.67
DRV02543,59,38,69.8,5,3.6,46.0,3.1,2,0,73,Medium,10881.49
DRV02544,28,1,63.7,2,1.4,31.6,1.4,0,0,91,Low,6913.29
DRV02545,38,2,74.5,4,1.8,58.9,22.4,0,1,58,Medium,13104.83
DRV02546,69,28,25.8,3,0.8,26.4,2.0,1,0,95,Low,6607.21
DRV02547,33,3,26.7,0,6.1,23.1,8.0,0,0,89,Low,6625.71
DRV02548,39,4,56.2,0,3.1,72.1,21.5,0,0,91,Low,6513.38
DRV02549,47,24,60.5,0,5.3,36.0,5.0,2,0,83,Medium,10017.69
DRV02550,30,11,71.2,1,3.9,74.8,10.8,0,1,73,Medium,11291.27
DRV02551,29,7,79.4,8,1.4,39.2,6.8,1,0,62,Medium,11329.72
DRV02552,70,39,58.9,4,1.4,76.4,10.7,0,0,98,Low,6053.59
DRV02553,55,35,60.8,1,4.9,86.2,5.1,1,0,88,Low,6268.64
DRV02554,27,7,58.3,8,8.0,112.6,34.4,1,0,45,High,17084.67
DRV02555,33,8,59.5,4,1.1,36.2,15.9,1,0,82,Low,7341.95
DRV02556,43,5,64.0,2,2.9,20.0,5.6,1,1,78,Low,7929.25
DRV02557,31,4,83.8,0,0.9,7.5,14.0,1,1,62,Medium,12687.82
DRV02558,58,19,44.3,9,0.7,67.7,3.2,0,0,82,Low,5339.44
DRV02559,60,24,52.9,8,2.8,79.0,4.7,1,2,55,Medium,13385.51
DRV02560,69,7,38.0,0,2.0,84.3,7.3,0,0,99,Low,5697.51
DRV02561,54,11,87.7,0,3.7,22.6,18.3,0,0,80,Low,7298.34
DRV02562,37,7,57.1,4,2.0,18.3,0.8,1,0,83,Low,6666.78
DRV02563,56,26,58.8,1,0.9,74.0,22.2,0,0,100,Low,5504.76
DRV02564,42,10,64.4,5,2.8,48.5,17.6,0,0,77,Low,6913.66
DRV02565,48,5,30.7,3,6.9,32.4,10.3,0,2,59,Medium,13501.75
DRV02566,23,2,57.7,1,2.4,14.7,13.2,1,1,70,Medium,12396.42
DRV02567,34,5,63.6,0,0.8,49.7,3.4,1,0,88,Low,6868.32
DRV02568,52,27,98.7,3,1.3,75.7,26.4,1,1,52,Medium,13046.77
DRV02569,48,22,26.6,9,5.3,67.7,4.0,0,0,73,Medium,9593.8
DRV02570,56,34,64.4,2,0.3,34.6,13.5,0,1,89,Low,6184.73
DRV02571,38,0,62.0,1,0.6,5,1.2,0,0,90,Low,7060.71
DRV02572,42,13,51.5,2,2.3,5,2.5,0,0,100,Low,5668.45
DRV02573,26,6,49.3,9,3.4,80.5,3.3,0,0,69,Medium,11425.56
DRV02574,58,14,51.3,1,7.2,68.9,9.3,1,1,74,Medium,11576.87
DRV02575,44,21,82.7,1,6.0,29.6,17.6,0,0,87,Low,6178.78
DRV02576,65,35,66.0,6,4.7,26.0,20.3,2,1,50,Medium,12642.84
DRV02577,35,13,53.5,6,2.5,60.6,30.5,0,0,75,Low,7072.45
DRV02578,51,21,55.9,0,1.8,73.6,11.8,0,0,100,Low,5115.52
DRV02579,38,7,68.4,0,4.1,22.3,16.6,1,0,73,Medium,11527.33
DRV02580,65,10,63.6,1,0.4,49.1,4.6,0,0,95,Low,5618.35
DRV02581,46,4,35.0,9,1.4,43.4,10.2,1,1,48,High,17227.23
DRV02582,69,24,69.5,16,5.8,53.4,2.1,0,0,56,Medium,10439.81
DRV02583,59,27,67.5,0,4.1,53.1,4.9,0,1,88,Low,6385.02
DRV02584,55,15,74.7,14,2.9,36.2,5.1,1,0,53,Medium,11668.04
DRV02585,39,19,66.2,9,3.2,37.2,22.8,0,1,59,Medium,11455.43
DRV02586,21,1,50.0,1,1.5,59.0,10.9,0,1,83,Low,9796.43
DRV02587,23,1,40.5,0,2.2,77.7,9.2,0,0,92,Low,6733.67
DRV02588,42,14,56.5,4,1.0,59.1,6.2,0,0,100,Low,5124.36
DRV02589,36,17,83.9,1,1.1,44.1,25.5,0,0,81,Low,6912.25
DRV02590,38,15,70.8,4,1.2,37.2,20.4,1,0,75,Low,6526.21
DRV02591,52,11,38.8,5,4.1,41.2,15.0,0,3,50,High,17701.68
DRV02592,23,3,51.8,3,6.0,28.5,5.7,0,4,43,High,20222.67
DRV02593,67,20,76.4,0,1.7,83.3,4.0,4,2,52,Medium,13948.63
DRV02594,52,23,49.0,0,0.7,72.5,19.6,0,0,100,Low,5212.88
DRV02595,46,1,57.8,5,2.7,14.8,14.0,0,0,74,Medium,11208.64
DRV02596,69,44,55.7,2,5.4,56.9,9.9,2,0,78,Medium,11235.55
DRV02597,32,10,50.1,3,1.1,86.0,2.6,0,0,98,Low,6217.42
DRV02598,59,11,52.9,4,1.4,10.9,11.5,1,0,90,Low,6397.42
DRV02599,61,3,28.6,2,3.3,71.2,6.6,1,0,75,Low,7926.32
DRV02600,55,19,78.5,2,6.0,44.2,8.1,0,0,86,Low,6458.44
DRV02601,22,1,61.8,16,1.4,68.9,7.4,0,0,50,Medium,12904.0
DRV02602,23,1,47.3,3,8.5,28.3,11.4,2,0,50,Medium,13013.31
DRV02603,54,32,25,5,0.8,5,4.9,0,0,97,Low,5112.82
DRV02604,29,2,60.2,5,2.7,5,9.6,2,1,57,Medium,14023.12
DRV02605,24,6,41.6,2,2.7,28.7,10.6,0,0,86,Low,6945.59
DRV02606,30,0,45.3,2,4.5,59.5,9.0,1,0,71,Medium,11464.84
DRV02607,22,0,68.0,7,5.4,5,18.5,0,1,46,High,18163.3
DRV02608,63,28,49.7,1,6.0,82.8,15.6,0,0,93,Low,6266.22
DRV02609,66,9,69.9,14,0.1,49.4,28.1,1,0,43,High,15942.9
DRV02610,26,1,48.1,4,4.7,41.9,2.9,0,1,62,Medium,12354.54
DRV02611,19,0,47.1,1,2.5,28.8,13.2,0,1,80,Low,10198.33
DRV02612,38,18,43.6,0,0.6,45.9,14.8,5,2,45,High,19139.53
DRV02613,58,12,54.2,0,5.4,38.1,3.3,3,0,72,Medium,11469.32
DRV02614,58,21,85.7,6,1.7,60.8,10.0,0,0,77,Low,5892.12
DRV02615,39,4,51.3,1,3.5,94.0,7.1,1,0,73,Medium,10909.03
DRV02616,18,0,51.9,2,3.2,65.0,2.6,0,2,60,Medium,14291.68
DRV02617,26,8,65.9,0,0.9,39.7,6.6,2,1,81,Medium,12288.34
DRV02618,26,4,46.4,6,1.4,40.9,23.5,0,0,74,Medium,10755.96
DRV02619,43,2,55.9,3,2.2,30.6,16.6,0,0,78,Low,7772.06
DRV02620,46,16,72.8,3,4.6,101.6,19.7,1,1,60,Medium,11891.13
DRV02621,25,4,77.5,0,2.4,65.8,6.6,0,0,73,Medium,10080.13
DRV02622,46,4,66.8,9,10,48.1,16.9,0,3,21,High,20625.21
DRV02623,54,27,43.5,15,2.8,64.6,4.5,0,0,71,Medium,11353.2
DRV02624,41,13,40.3,0,2.6,50.8,9.8,2,0,80,Medium,10793.69
DRV02625,38,8,44.4,3,0.8,64.6,12.5,1,0,91,Low,7083.71
DRV02626,59,34,25,5,0.6,49.9,3.2,0,4,62,High,18620.77
DRV02627,29,6,66.9,1,3.7,26.8,6.2,1,0,83,Low,6665.62
DRV02628,47,24,57.5,0,3.9,41.1,4.6,0,0,100,Low,4859.89
DRV02629,58,19,56.2,7,6.1,28.6,11.9,0,0,78,Low,7074.34
DRV02630,38,18,53.7,0,1.0,54.2,7.0,1,1,86,Low,6495.89
DRV02631,40,20,64.2,9,4.6,52.2,7.1,1,0,72,Medium,11205.58
DRV02632,22,1,51.2,3,5.0,72.1,3.5,1,1,68,Medium,13205.59
DRV02633,45,1,73.8,0,5.6,47.1,6.5,0,0,82,Low,7164.91
DRV02634,59,13,30.8,2,1.5,30.6,6.0,0,0,94,Low,5496.08
DRV02635,28,9,46.4,8,7.6,18.8,4.2,0,0,70,Medium,10720.77
DRV02636,37,17,70.5,1,7.5,58.2,2.0,0,2,62,Medium,11706.79
DRV02637,63,42,37.6,5,1.2,36.2,8.7,0,1,87,Low,7635.94
DRV02638,18,0,44.4,2,3.1,59.6,14.1,0,1,72,Medium,13423.01
DRV02639,66,29,91.4,1,1.7,69.3,16.1,0,0,87,Low,6938.15
DRV02640,37,9,40.9,2,1.2,5,3.5,2,1,79,Medium,12041.82
DRV02641,70,33,53.0,10,2.7,56.4,21.3,0,0,66,Medium,10713.35
DRV02642,49,2,54.7,2,9.4,41.2,0.7,0,1,74,Medium,12125.9
DRV02643,32,4,35.2,0,3.1,63.1,8.5,1,1,77,Low,8387.02
DRV02644,62,15,74.9,3,1.7,15.0,20.0,0,0,85,Low,5852.79
DRV02645,48,27,25,0,1.4,36.7,3.9,1,2,83,Medium,11967.21
DRV02646,25,6,61.6,4,10,10.4,5.3,1,3,38,High,19581.77
DRV02647,19,0,52.1,20,3.0,27.8,19.0,0,0,38,High,17981.02
DRV02648,25,2,67.0,1,6.5,76.2,4.1,0,0,77,Low,6345.86
DRV02649,66,25,62.7,3,3.2,64.4,7.3,0,0,90,Low,5472.02
DRV02650,33,2,57.9,8,2.2,50.0,4.5,0,0,77,Low,8201.23
DRV02651,57,0,51.8,6,3.6,72.4,8.8,1,1,54,Medium,13493.03
DRV02652,30,2,63.2,0,2.6,6.1,8.1,0,3,61,High,18648.32
DRV02653,21,1,63.1,7,3.5,78.5,12.6,0,0,70,Medium,11734.0
DRV02654,31,1,48.5,7,1.9,58.9,9.3,3,0,54,Medium,13141.89
DRV02655,31,11,68.7,0,3.8,34.8,8.6,0,1,83,Low,8640.54
DRV02656,20,0,63.3,12,0.9,45.0,20.0,4,3,20,High,23625.25
DRV02657,38,9,81.9,3,2.1,65.6,43.2,0,2,37,High,18732.93
DRV02658,24,5,71.8,2,0.5,48.2,20.4,1,1,66,Medium,13126.66
DRV02659,18,0,55.4,0,1.8,50.2,4.5,1,2,65,Medium,13495.11
DRV02660,26,4,50.9,2,4.3,109.1,5.9,2,0,75,Medium,10985.21
DRV02661,45,11,67.4,4,1.2,53.2,10.6,0,0,89,Low,5708.0
DRV02662,69,4,56.2,2,1.3,44.7,1.2,1,4,43,High,19294.6
DRV02663,45,13,46.5,1,6.6,54.3,2.5,1,0,84,Low,6320.76
DRV02664,54,35,53.5,5,6.7,29.2,15.1,0,1,74,Medium,11409.05
DRV02665,61,22,77.9,8,3.6,83.4,23.6,0,0,69,Medium,10774.15
DRV02666,21,3,54.1,0,6.0,5,5.0,0,0,93,Low,7165.82
DRV02667,41,1,57.5,1,2.5,33.4,10.1,0,2,77,Medium,12805.45
DRV02668,32,7,48.6,0,3.9,30.5,26.4,0,0,86,Low,8152.98
DRV02669,51,26,39.2,1,2.6,13.6,3.3,0,1,93,Low,6603.95
DRV02670,35,16,72.4,1,0.4,20.1,11.4,0,0,97,Low,5418.67
DRV02671,34,9,57.1,1,1.0,79.3,4.5,0,1,86,Low,7081.63
DRV02672,51,25,40.1,5,3.0,97.0,12.6,3,0,68,Medium,12196.01
DRV02673,21,2,74.9,1,1.2,13.6,11.1,0,0,81,Low,7243.78
DRV02674,26,8,48.8,1,2.0,19.3,1.0,1,0,95,Low,6554.55
DRV02675,62,27,46.5,3,0.6,57.7,2.8,0,0,100,Low,5532.6
DRV02676,59,35,71.3,2,8.0,56.9,5.0,0,3,54,High,16868.45
DRV02677,56,23,74.3,7,0.5,76.0,12.6,0,0,82,Low,6116.22
DRV02678,23,2,42.1,7,2.0,25.8,5.7,1,1,61,Medium,13215.27
DRV02679,66,37,62.4,16,2.9,46.0,6.3,0,2,36,High,16709.27
DRV02680,32,9,37.1,0,1.4,75.6,1.1,2,0,94,Medium,10175.05
DRV02681,24,0,31.7,1,1.0,43.3,13.4,0,0,88,Low,7105.72
DRV02682,24,5,29.6,2,2.9,47.2,17.2,0,0,81,Low,7644.16
DRV02683,32,6,58.5,0,1.8,88.7,8.7,1,0,97,Low,6436.59
DRV02684,42,10,67.0,3,0.7,13.6,26.2,0,2,61,Medium,12110.05
DRV02685,52,32,42.5,1,4.3,73.7,13.9,1,0,94,Low,6439.02
DRV02686,41,6,46.8,4,1.8,51.7,8.2,0,0,87,Low,6696.86
DRV02687,70,7,37.5,1,3.6,61.3,2.7,0,0,93,Low,6075.39
DRV02688,46,11,50.3,5,2.7,55.3,1.6,1,0,76,Low,7218.48
DRV02689,29,11,36.2,1,1.7,34.6,9.7,1,2,64,Medium,13214.0
DRV02690,59,38,47.5,2,4.4,49.9,25.6,1,3,51,High,18310.16
DRV02691,60,30,87.6,7,2.1,19.7,14.2,1,1,53,Medium,12575.04
DRV02692,38,6,57.8,4,3.0,46.5,16.3,3,0,53,Medium,13411.74
DRV02693,20,1,82.9,2,2.5,83.5,7.0,8,0,28,High,21688.67
DRV02694,54,29,71.6,5,2.1,63.3,11.8,0,0,80,Low,5924.18
DRV02695,49,26,49.6,7,1.1,51.1,5.2,1,4,42,High,19098.54
DRV02696,37,13,55.4,1,0.6,75.3,22.8,0,4,55,High,18698.87
DRV02697,57,1,31.0,1,7.0,81.2,14.8,2,0,66,Medium,12764.52
DRV02698,48,7,65.2,6,4.8,55.2,16.9,0,3,38,High,18846.81
DRV02699,32,11,49.5,3,4.6,33.5,8.1,0,0,91,Low,7253.54
DRV02700,65,27,73.3,4,2.3,34.1,5.1,0,0,91,Low,5940.27
DRV02701,42,24,69.0,5,1.9,5,7.4,0,0,96,Low,5785.08
DRV02702,60,23,60.1,13,1.2,47.6,1.5,0,1,69,Medium,11448.56
DRV02703,30,5,77.2,7,2.7,34.1,12.5,0,0,72,Medium,11389.59
DRV02704,39,21,49.3,2,6.3,66.9,19.2,0,2,67,Medium,13151.97
DRV02705,34,10,64.1,0,9.5,92.6,6.7,1,1,57,Medium,11973.05
DRV02706,25,3,73.4,0,1.8,38.5,6.5,1,0,80,Low,7750.1
DRV02707,27,2,74.2,9,4.9,13.2,10.7,0,0,53,Medium,11473.01
DRV02708,20,2,25,1,2.8,10.7,6.2,2,1,69,Medium,12876.36
DRV02709,69,8,73.2,2,5.6,30.2,1.0,1,1,73,Medium,12081.19
DRV02710,50,2,45.9,0,1.9,42.5,6.8,2,0,79,Medium,11527.54
DRV02711,42,22,65.2,2,7.8,107.3,22.4,1,3,43,High,16808.28
DRV02712,24,3,51.8,2,10,18.3,2.3,2,2,47,High,18956.04
DRV02713,67,16,62.9,4,5.6,57.3,10.6,1,0,77,Low,6479.49
DRV02714,50,16,36.9,1,0.7,29.3,0.4,0,0,100,Low,4558.6
DRV02715,45,11,36.8,2,2.7,66.2,27.3,1,0,74,Medium,11438.21
DRV02716,40,1,46.0,3,6.1,99.9,2.8,0,0,83,Low,6892.01
DRV02717,54,20,70.3,5,10,94.7,11.3,0,2,42,High,17202.37
DRV02718,60,36,37.9,6,3.1,82.6,7.9,0,0,83,Low,5961.47
DRV02719,37,1,42.7,4,4.9,45.4,10.7,2,0,62,Medium,13098.23
DRV02720,42,11,50.3,1,1.1,58.8,15.8,0,0,96,Low,5479.21
DRV02721,32,14,57.5,3,4.1,77.6,6.9,5,2,38,High,18936.74
DRV02722,20,0,81.2,6,8.5,24.4,1.0,0,1,49,High,17930.89
DRV02723,36,11,60.0,5,4.7,44.6,5.6,0,0,89,Low,6922.0
DRV02724,59,18,50.6,0,1.5,16.4,10.7,1,3,70,High,16859.22
DRV02725,45,13,32.1,1,3.1,5,18.9,0,1,80,Low,7308.06
DRV02726,32,8,57.9,7,0.8,87.5,9.3,1,0,76,Low,8417.41
DRV02727,65,18,66.9,3,1.8,64.6,19.7,1,0,81,Low,7148.16
DRV02728,39,1,61.9,6,3.4,57.8,2.7,0,0,79,Low,7490.06
DRV02729,42,6,37.3,2,6.3,41.8,25.2,0,1,62,Medium,11471.94
DRV02730,36,14,46.1,4,3.9,80.0,7.3,0,0,79,Low,6056.2
DRV02731,54,15,53.9,1,1.1,34.3,3.7,0,0,100,Low,4475.97
DRV02732,63,41,25,2,3.4,57.5,10.5,0,0,95,Low,4881.87
DRV02733,23,1,67.7,5,6.7,32.4,11.5,0,3,31,High,20218.24
DRV02734,23,4,55.9,2,2.7,64.3,4.4,0,2,66,Medium,13652.26
DRV02735,54,31,49.0,4,3.6,19.9,23.1,0,0,83,Low,6238.05
DRV02736,19,0,57.5,6,4.8,33.0,7.8,0,0,69,Medium,12379.92
DRV02737,55,2,43.2,0,5.2,38.4,22.6,0,1,65,Medium,12010.31
DRV02738,62,30,68.3,4,3.1,36.8,14.0,1,1,66,Medium,11754.38
DRV02739,60,8,36.4,0,0.5,17.9,3.1,0,1,98,Low,7252.87
DRV02740,34,6,58.7,1,2.7,30.5,8.9,0,0,90,Low,5634.1
DRV02741,42,24,42.0,1,1.5,88.6,6.1,0,0,100,Low,5173.17
DRV02742,22,1,60.6,6,0.8,43.6,11.9,2,4,20,High,22610.97
DRV02743,44,19,60.5,1,1.2,5,3.2,0,0,100,Low,5374.98
DRV02744,69,15,63.3,0,2.2,9.7,11.8,2,0,77,Medium,10561.79
DRV02745,42,15,64.9,2,3.7,85.4,1.9,0,0,88,Low,4875.4
DRV02746,42,8,73.7,4,2.4,39.9,16.2,0,0,77,Low,6880.17
DRV02747,54,25,76.3,2,2.5,102.9,4.9,0,0,88,Low,4997.41
DRV02748,43,12,58.6,4,1.4,52.3,1.9,0,0,87,Low,5677.15
DRV02749,69,45,61.1,1,1.5,41.3,19.8,0,3,66,High,16302.03
DRV02750,60,40,58.4,10,3.1,72.9,3.9,0,1,68,Medium,11425.5
DRV02751,62,3,51.2,3,0.8,65.4,12.3,1,1,72,Medium,12767.41
DRV02752,53,11,95.5,0,4.7,38.7,4.8,0,4,35,High,19985.31
DRV02753,48,26,57.8,0,2.7,52.8,10.9,0,0,100,Low,5790.26
DRV02754,22,4,55.5,4,0.7,85.1,22.0,0,1,73,Medium,12285.95
DRV02755,56,10,71.8,1,1.1,78.5,11.4,2,2,59,Medium,14336.72
DRV02756,27,2,27.1,0,2.3,33.9,10.0,2,0,82,Medium,11448.77
DRV02757,37,15,73.4,4,2.6,39.4,6.5,0,0,86,Low,5833.47
DRV02758,25,5,57.2,3,2.6,40.5,1.2,0,1,80,Low,7986.64
DRV02759,18,0,39.5,13,1.7,50.4,12.3,1,1,45,High,18831.81
DRV02760,42,20,50.3,1,1.5,87.0,8.8,0,3,75,High,17153.57
DRV02761,27,2,67.9,2,4.2,5,6.0,1,0,75,Low,7825.44
DRV02762,28,1,56.3,9,0.1,46.1,9.5,0,0,77,Low,7998.45
DRV02763,55,31,25,2,0.3,68.0,18.4,0,0,95,Low,5751.25
DRV02764,64,14,46.3,3,4.5,62.7,10.6,0,1,73,Medium,9877.28
DRV02765,41,14,63.8,3,3.5,55.9,5.5,1,0,86,Low,6272.05
DRV02766,54,20,65.7,2,3.1,72.9,13.9,0,0,89,Low,5825.56
DRV02767,70,4,65.9,0,3.6,5,10.5,0,2,56,Medium,12522.26
DRV02768,26,2,59.8,6,0.3,41.6,18.3,0,0,76,Low,8029.92
DRV02769,54,4,46.4,10,1.9,39.6,14.6,0,0,64,Medium,11186.11
DRV02770,21,3,52.5,8,1.4,61.8,13.0,2,2,38,High,19678.15
DRV02771,43,25,63.7,4,4.0,60.8,10.6,1,0,75,Low,6779.91
DRV02772,53,9,63.0,16,3.0,6.5,5.3,0,0,54,Medium,10869.81
DRV02773,33,13,67.3,3,4.7,27.6,10.1,0,0,84,Low,5967.91
DRV02774,59,18,55.4,0,5.3,70.5,3.8,3,4,38,High,20153.41
DRV02775,23,0,77.9,4,5.1,33.8,7.1,0,0,68,Medium,12227.77
DRV02776,37,2,56.7,0,2.9,22.8,12.2,3,3,34,High,20726.38
DRV02777,58,20,34.0,3,8.6,35.4,15.1,1,0,66,Medium,10631.82
DRV02778,66,12,47.4,1,5.9,7.5,13.5,0,2,67,Medium,12242.18
DRV02779,47,23,56.9,0,4.1,43.0,2.1,0,0,100,Low,5635.66
DRV02780,19,0,25,11,1.6,54.0,23.5,0,3,27,High,20575.29
DRV02781,23,1,40.0,0,3.7,52.6,10.7,0,0,85,Low,6889.92
DRV02782,45,24,75.6,0,2.8,36.3,7.8,0,3,63,High,16946.58
DRV02783,40,18,40.7,5,6.1,81.1,15.0,2,0,68,Medium,11320.84
DRV02784,29,5,47.1,3,4.2,7.9,2.1,2,1,60,Medium,12966.1
DRV02785,39,15,31.1,6,4.3,47.0,1.1,0,1,77,Low,7229.91
DRV02786,47,23,83.8,3,1.0,35.4,10.5,1,2,66,Medium,13318.91
DRV02787,58,24,64.8,4,0.3,46.0,14.8,0,2,72,Medium,12353.07
DRV02788,20,2,49.8,3,0.4,43.7,11.8,2,0,70,Medium,12395.33
DRV02789,33,10,44.3,4,10,56.6,4.9,0,0,72,Medium,10589.86
DRV02790,28,4,40.1,9,5.7,79.3,2.1,0,1,59,Medium,12813.83
DRV02791,58,39,40.8,2,1.7,20.4,20.1,0,0,100,Low,5405.83
DRV02792,19,1,48.2,5,5.8,5,3.9,0,1,59,Medium,13620.69
DRV02793,21,3,62.6,0,3.9,75.3,33.0,3,2,40,High,21046.27
DRV02794,32,13,48.7,3,4.9,33.7,7.3,0,0,76,Low,6797.27
DRV02795,41,14,59.1,1,2.7,61.8,8.0,0,1,91,Low,7401.21
DRV02796,55,22,83.5,4,2.3,29.4,13.6,1,0,71,Medium,10791.05
DRV02797,32,1,59.5,0,2.7,6.7,4.0,1,0,88,Low,7325.87
DRV02798,23,3,42.5,1,0.9,88.4,5.5,1,0,84,Low,7119.24
DRV02799,68,26,57.1,17,1.7,28.4,26.0,0,0,55,Medium,10807.0
DRV02800,20,1,42.7,2,0.3,32.5,11.2,0,0,88,Low,7852.46
DRV02801,29,7,57.5,6,1.9,46.5,6.3,1,0,77,Low,7058.19
DRV02802,25,3,50.2,1,2.2,63.7,4.5,0,0,97,Low,7000.52
DRV02803,25,5,40.8,3,2.2,86.2,20.3,0,0,84,Low,6960.91
DRV02804,21,2,46.2,0,0.7,24.6,14.8,0,0,97,Low,7802.7
DRV02805,27,6,40.8,1,2.8,52.9,8.7,1,2,66,Medium,12449.46
DRV02806,55,18,59.5,2,5.3,18.3,12.2,0,0,84,Low,5336.44
DRV02807,30,6,35.3,2,6.0,50.4,10.1,1,2,57,Medium,13550.98
DRV02808,43,20,42.8,2,0.8,60.0,16.9,2,0,81,Medium,10364.83
DRV02809,37,1,75.5,3,1.4,32.5,6.5,3,1,47,High,18372.71
DRV02810,43,8,55.7,1,1.0,47.1,10.0,1,1,85,Low,7350.67
DRV02811,22,0,41.3,4,1.6,81.0,5.2,2,0,75,Medium,13032.74
DRV02812,67,27,74.7,0,5.5,49.9,6.0,0,2,68,Medium,11036.66
DRV02813,37,15,37.4,0,4.4,37.5,16.1,2,3,54,High,19030.85
DRV02814,33,10,74.0,0,3.4,54.7,6.5,1,1,73,Medium,11526.49
DRV02815,26,8,77.0,3,4.5,60.2,8.3,4,0,42,High,17160.33
DRV02816,53,10,61.5,12,3.0,52.6,10.6,0,0,65,Medium,10961.49
DRV02817,57,0,26.3,0,0.6,12.2,18.2,0,0,91,Low,7204.94
DRV02818,59,18,38.8,1,4.6,49.4,17.1,1,0,85,Low,6864.8
DRV02819,25,5,66.5,6,1.5,42.9,9.0,3,0,60,Medium,12999.38
DRV02820,60,15,25,8,3.1,29.6,6.0,0,0,79,Low,6715.34
DRV02821,47,17,75.2,3,1.5,56.8,12.6,0,0,93,Low,5783.08
DRV02822,59,1,51.3,3,3.5,100.7,0.8,1,3,47,High,19134.39
DRV02823,30,1,49.6,3,0.8,52.6,7.2,0,0,88,Low,7272.02
DRV02824,66,23,48.2,1,1.0,20.0,8.0,1,0,100,Low,5793.51
DRV02825,29,0,68.0,17,7.4,27.2,15.7,5,1,20,High,22629.31
DRV02826,32,3,63.3,0,3.6,55.2,2.5,1,1,71,Medium,13029.82
DRV02827,34,1,54.1,4,3.8,58.0,2.3,0,2,62,Medium,12977.76
DRV02828,67,28,61.5,1,7.2,31.3,7.3,0,0,89,Low,5990.48
DRV02829,33,0,64.0,10,3.4,60.5,9.5,0,0,59,Medium,11966.62
DRV02830,55,10,73.0,2,2.8,43.3,6.1,0,0,88,Low,6361.24
DRV02831,49,31,49.7,1,2.5,14.1,10.6,0,1,93,Low,6261.39
DRV02832,69,45,80.0,3,1.7,77.3,2.9,0,0,94,Low,6065.63
DRV02833,28,4,52.4,20,10,21.0,8.7,1,0,27,High,18207.39
DRV02834,63,16,86.2,0,2.6,75.7,6.3,1,0,76,Low,6758.63
DRV02835,30,4,66.2,15,0.8,48.6,2.9,0,0,69,Medium,12094.54
DRV02836,58,5,54.2,1,2.1,49.6,7.1,0,0,87,Low,6172.3
DRV02837,59,20,55.9,2,0.6,60.2,8.7,0,0,100,Low,5934.61
DRV02838,31,4,58.8,12,5.3,33.3,6.0,0,0,59,Medium,11396.44
DRV02839,32,13,73.6,19,1.9,57.7,22.0,0,0,42,High,16629.0
DRV02840,56,22,78.3,3,1.6,69.5,8.4,0,1,80,Low,7512.24
DRV02841,30,12,64.5,2,2.0,43.1,20.7,0,0,89,Low,5862.11
DRV02842,59,6,78.8,1,2.7,33.6,5.2,1,3,40,High,18635.67
DRV02843,20,2,41.2,7,6.0,50.6,7.5,1,0,63,Medium,12686.84
DRV02844,62,43,44.0,1,1.9,90.6,10.0,1,0,92,Low,5547.13
DRV02845,56,30,58.2,2,0.9,88.5,2.4,1,1,88,Low,7462.82
DRV02846,18,0,51.4,5,3.3,49.6,11.4,0,0,73,Medium,11872.22
DRV02847,19,1,54.2,1,4.0,13.3,11.8,0,0,85,Low,8312.8
DRV02848,21,3,82.8,3,4.4,34.9,2.4,0,1,64,Medium,12739.86
DRV02849,62,40,71.5,0,3.1,10.8,10.1,1,0,88,Low,5952.67
DRV02850,55,21,31.8,0,1.7,18.4,6.6,0,0,100,Low,4288.67
DRV02851,51,22,89.6,0,1.3,30.2,3.1,0,0,99,Low,6390.17
DRV02852,49,12,66.6,2,5.2,64.4,4.2,1,0,83,Low,7166.37
DRV02853,29,0,47.0,2,1.0,54.6,9.0,1,0,89,Low,8170.4
DRV02854,39,18,84.6,6,1.6,93.8,14.0,2,0,57,Medium,12384.59
DRV02855,61,35,36.1,13,4.1,49.7,15.1,0,1,53,Medium,12050.11
DRV02856,64,40,91.0,6,0.7,83.8,2.5,0,2,68,Medium,12913.84
DRV02857,21,0,72.0,1,3.8,51.9,25.2,1,2,44,High,19479.66
DRV02858,64,8,71.2,9,3.7,90.9,10.6,1,1,54,Medium,13201.43
DRV02859,66,46,48.3,7,0.9,40.5,11.5,0,0,90,Low,6308.69
DRV02860,25,6,68.6,0,2.4,11.9,0.5,0,0,91,Low,6561.78
DRV02861,22,3,65.4,5,3.5,31.0,22.6,0,1,62,Medium,12983.49
DRV02862,65,14,51.1,6,2.8,45.1,11.9,0,0,81,Low,6662.21
DRV02863,49,0,93.3,10,2.1,53.2,10.4,2,0,38,High,18436.92
DRV02864,50,1,43.6,3,6.0,9.9,6.5,0,2,56,Medium,14110.46
DRV02865,53,10,76.7,5,1.5,41.1,7.4,0,2,61,Medium,12389.45
DRV02866,65,2,55.3,2,5.0,49.4,14.1,0,1,68,Medium,12445.15
DRV02867,68,4,53.2,27,2.2,11.6,12.5,1,2,20,High,20896.02
DRV02868,49,31,27.2,0,4.4,5,8.2,0,2,83,Medium,11254.46
DRV02869,41,16,70.5,6,2.5,67.9,8.9,0,0,81,Low,6485.64
DRV02870,27,5,84.1,0,2.7,10.8,3.4,0,1,76,Low,8997.87
DRV02871,46,19,52.5,6,2.2,38.5,14.7,2,0,75,Medium,11073.24
DRV02872,52,6,33.7,6,8.7,31.3,22.3,0,0,55,Medium,12187.08
DRV02873,65,44,52.7,6,2.8,7.0,4.3,0,2,65,Medium,11189.34
DRV02874,41,22,49.6,6,1.9,26.4,4.1,0,0,91,Low,6402.37
DRV02875,61,15,101.9,0,10,62.9,2.4,0,1,64,Medium,12125.34
DRV02876,19,0,73.4,1,2.7,13.0,5.4,0,2,66,Medium,14062.92
DRV02877,44,8,65.1,2,3.4,33.2,17.9,0,0,78,Low,6915.83
DRV02878,53,9,68.2,0,2.8,29.4,16.2,1,0,78,Low,6975.95
DRV02879,24,6,63.9,4,2.4,27.4,3.1,1,0,86,Low,8197.2
DRV02880,46,27,74.4,5,1.7,8.2,15.6,1,2,62,Medium,12929.01
DRV02881,30,12,61.7,0,7.8,38.4,3.2,0,0,87,Low,6280.01
DRV02882,44,16,57.7,1,2.7,68.0,15.6,1,0,81,Low,6312.86
DRV02883,23,1,72.9,1,6.0,22.4,19.9,0,1,59,Medium,12459.16
DRV02884,63,20,65.0,7,3.4,46.6,0.5,0,2,69,Medium,11704.73
DRV02885,43,7,79.0,0,6.0,19.1,11.5,0,0,72,Medium,10895.61
DRV02886,69,30,47.3,3,0.6,57.1,11.6,0,0,100,Low,5033.44
DRV02887,37,14,41.7,2,1.0,58.5,7.3,0,0,96,Low,4887.82
DRV02888,25,7,38.7,7,8.6,60.5,7.1,0,0,69,Medium,11187.26
DRV02889,59,27,56.9,8,4.0,31.5,14.7,1,0,64,Medium,10880.15
DRV02890,25,4,86.3,7,3.0,57.2,3.4,3,0,48,High,18045.18
DRV02891,36,8,54.8,7,4.3,43.6,10.9,0,0,76,Low,7132.19
DRV02892,34,8,76.5,1,5.7,35.8,14.5,1,1,56,Medium,12702.71
DRV02893,39,8,59.3,9,2.1,47.7,35.2,1,1,48,High,18470.7
DRV02894,48,4,33.3,5,3.0,41.4,15.1,0,3,34,High,18351.23
DRV02895,28,10,87.3,0,2.6,43.2,13.0,1,1,57,Medium,12678.9
DRV02896,34,5,40.7,13,2.5,16.0,7.1,2,0,47,High,16895.35
DRV02897,49,6,46.4,21,3.9,57.5,6.7,1,1,23,High,18670.49
DRV02898,20,0,53.2,2,3.0,54.1,13.4,0,1,73,Medium,12874.2
DRV02899,31,12,66.1,5,0.3,31.3,20.1,0,4,36,High,18772.85
DRV02900,66,17,52.8,0,5.2,40.4,13.9,1,0,84,Low,5850.88
DRV02901,37,13,61.7,0,0.9,44.0,9.2,0,0,99,Low,5671.01
DRV02902,23,5,75.9,7,3.7,82.6,12.7,0,0,62,Medium,11441.88
DRV02903,54,18,67.5,0,3.1,20.9,15.3,0,0,90,Low,5508.58
DRV02904,48,23,44.4,3,1.7,50.7,17.8,0,0,97,Low,4408.84
DRV02905,54,13,64.3,1,1.4,25.6,13.2,2,1,68,Medium,12679.58
DRV02906,50,15,54.8,12,5.5,35.5,9.7,1,2,30,High,17684.06
DRV02907,56,5,68.0,13,2.8,5,9.6,0,2,40,High,18334.53
DRV02908,46,12,49.2,0,2.4,5,18.5,0,0,95,Low,6208.38
DRV02909,34,2,57.4,6,3.7,45.1,20.5,1,0,69,Medium,12637.72
DRV02910,45,11,25,1,2.5,68.7,6.4,0,0,98,Low,5821.44
DRV02911,25,5,42.7,2,1.6,46.4,23.3,1,1,63,Medium,11445.65
DRV02912,62,29,56.4,9,2.9,63.4,1.3,0,0,93,Low,6716.72
DRV02913,46,6,46.8,3,7.4,53.1,2.5,0,1,74,Medium,11496.19
DRV02914,44,5,83.4,3,8.8,67.9,3.8,2,0,52,Medium,12790.81
DRV02915,51,24,42.3,3,0.8,88.0,5.3,0,0,100,Low,5348.13
DRV02916,53,1,62.1,1,0.6,47.8,18.6,1,0,74,Medium,12494.07
DRV02917,70,40,32.9,0,2.6,73.1,22.2,0,2,77,Medium,10287.8
DRV02918,56,27,31.1,1,3.2,71.1,7.5,0,2,82,Medium,11809.32
DRV02919,34,1,33.2,4,5.1,80.1,3.0,0,2,63,Medium,13018.99
DRV02920,28,7,59.3,0,3.7,36.6,2.4,1,0,89,Low,6754.56
DRV02921,28,6,37.9,7,2.1,49.5,5.6,2,2,45,High,18847.59
DRV02922,34,4,57.8,3,3.4,20.0,6.9,0,0,80,Low,7135.25
DRV02923,44,24,70.1,1,4.2,31.3,1.7,0,1,86,Low,6371.19
DRV02924,27,0,43.2,3,2.8,55.9,8.5,0,0,80,Low,7286.11
DRV02925,32,9,57.7,1,5.8,5.8,6.3,0,0,95,Low,6473.4
DRV02926,45,0,84.4,2,5.9,69.9,0.5,0,0,60,Medium,11385.35
DRV02927,41,14,39.9,2,3.1,59.4,8.6,1,1,81,Low,8397.39
DRV02928,53,14,48.2,1,0.2,93.7,3.8,1,1,85,Low,7080.12
DRV02929,47,29,85.7,0,3.4,40.9,4.0,0,1,82,Low,7516.88
DRV02930,47,20,69.5,5,3.5,31.4,1.3,1,0,81,Low,6540.44
DRV02931,52,13,35.3,7,3.5,68.2,9.8,1,2,54,Medium,13095.19
DRV02932,21,3,54.5,1,2.4,22.0,7.0,0,0,87,Low,7360.06
DRV02933,22,3,55.5,3,9.9,34.8,11.0,2,0,54,Medium,13037.36
DRV02934,67,23,59.3,2,1.4,95.7,2.1,0,0,100,Low,5297.67
DRV02935,19,1,55.7,2,7.1,45.0,4.6,1,0,77,Low,8399.08
DRV02936,52,12,49.3,0,0.1,33.1,11.0,5,3,37,High,21314.93
DRV02937,69,50,25,5,1.8,24.8,16.4,1,0,81,Low,6192.21
DRV02938,58,31,70.0,3,2.4,32.7,5.9,1,0,89,Low,5886.41
DRV02939,53,15,74.9,0,4.6,57.6,3.8,0,0,94,Low,6103.0
DRV02940,67,3,48.3,0,8.9,78.6,11.1,2,0,54,Medium,12436.77
DRV02941,50,0,48.3,1,2.4,44.1,10.0,0,0,87,Low,7261.92
DRV02942,62,8,72.7,1,2.4,42.6,4.3,0,0,86,Low,6349.29
DRV02943,61,22,73.1,0,9.4,49.9,3.2,0,0,85,Low,5947.81
DRV02944,36,3,87.2,11,10,93.1,18.0,0,1,24,High,18406.94
DRV02945,69,49,67.3,3,6.7,68.2,11.8,0,0,77,Low,6214.25
DRV02946,20,2,80.0,0,1.4,33.9,8.7,1,2,58,Medium,14856.26
DRV02947,37,19,77.7,3,7.5,65.9,5.9,0,3,45,High,18249.54
DRV02948,23,5,48.9,1,1.9,84.9,11.3,0,0,90,Low,7062.4
DRV02949,36,12,49.5,10,0.9,7.6,11.2,0,0,83,Low,6623.12
DRV02950,26,3,67.3,6,1.6,48.7,10.4,0,1,60,Medium,12676.65
DRV02951,38,0,38.6,0,8.2,23.7,6.2,0,0,81,Low,7521.76
DRV02952,38,15,55.8,12,1.5,15.4,7.1,0,0,78,Low,5872.12
DRV02953,27,3,69.6,3,0.4,91.8,6.0,1,0,84,Low,7903.38
DRV02954,43,4,74.3,4,10,66.8,8.0,4,0,31,High,18238.42
DRV02955,45,17,73.0,0,6.5,40.3,1.8,0,0,89,Low,5097.32
DRV02956,50,1,33.5,4,4.0,67.5,5.9,1,0,72,Medium,11641.59
DRV02957,25,0,39.6,1,5.6,37.5,17.5,0,0,67,Medium,10850.47
DRV02958,69,17,73.8,0,2.6,30.2,10.9,0,1,85,Low,6910.32
DRV02959,24,1,105.9,4,2.7,81.9,17.6,0,1,48,High,17980.99
DRV02960,61,19,58.6,2,3.6,53.2,4.7,2,1,69,Medium,12608.27
DRV02961,33,14,71.0,8,3.4,63.5,5.9,0,3,35,High,17832.22
DRV02962,24,1,46.4,5,1.9,29.0,15.0,0,0,68,Medium,10663.86
DRV02963,34,7,60.6,14,1.2,59.0,8.6,0,0,68,Medium,10959.61
DRV02964,63,25,57.9,0,2.8,52.0,12.6,0,0,96,Low,5673.91
DRV02965,38,10,51.0,1,3.7,30.6,9.0,0,0,89,Low,6123.25
DRV02966,63,26,45.5,2,0.4,51.3,10.4,2,0,85,Medium,10645.13
DRV02967,31,3,36.5,7,4.8,19.1,7.7,1,0,60,Medium,11334.94
DRV02968,29,9,43.5,0,1.6,61.3,9.9,0,2,79,Medium,12632.22
DRV02969,23,5,48.6,0,1.2,86.8,7.3,0,1,89,Low,8225.73
DRV02970,36,12,55.2,6,0.8,43.1,1.5,0,0,95,Low,6178.77
DRV02971,60,37,67.6,11,0.6,33.2,10.4,0,1,71,Medium,10709.94
DRV02972,66,41,47.5,0,4.5,7.6,17.0,1,0,92,Low,6251.24
DRV02973,70,12,83.9,0,1.0,62.4,7.4,0,2,76,Medium,12268.39
DRV02974,58,34,51.0,9,9.3,26.0,2.7,0,1,54,Medium,12374.37
DRV02975,44,8,77.9,20,2.0,107.6,6.2,0,2,20,High,17908.79
DRV02976,21,2,70.9,8,4.8,44.7,2.5,0,0,62,Medium,11572.2
DRV02977,63,35,39.7,1,4.5,41.4,17.4,2,0,79,Medium,10295.21
DRV02978,68,10,58.4,7,2.5,40.4,14.6,6,1,20,High,20201.42
DRV02979,36,9,61.9,14,4.0,89.1,15.4,3,2,20,High,19663.81
DRV02980,63,3,49.2,2,2.9,93.4,13.8,0,1,78,Low,9156.33
DRV02981,65,32,64.7,0,7.0,88.1,13.5,2,0,72,Medium,10526.41
DRV02982,36,9,80.0,0,3.8,44.7,13.8,0,0,79,Low,7018.49
DRV02983,56,30,63.0,10,6.4,46.5,14.1,0,0,68,Medium,9623.0
DRV02984,65,16,61.2,1,2.4,83.8,14.3,0,0,95,Low,5689.61
DRV02985,47,22,85.1,2,4.6,54.9,18.0,1,0,69,Medium,11354.92
DRV02986,65,41,85.3,3,5.9,24.3,15.9,0,0,69,Medium,9728.56
DRV02987,29,6,54.7,14,3.3,60.9,5.5,0,1,51,Medium,12112.42
DRV02988,47,1,42.7,0,0.4,49.8,8.0,1,0,81,Low,8031.05
DRV02989,63,42,81.0,0,2.7,12.9,0.4,1,0,91,Low,6071.22
DRV02990,50,15,25,2,4.7,67.8,12.3,1,0,84,Low,5775.39
DRV02991,37,11,56.7,4,3.9,59.3,9.0,0,0,83,Low,6474.95
DRV02992,56,1,81.3,1,2.0,73.6,6.4,0,2,54,Medium,13315.23
DRV02993,49,6,48.8,1,4.5,64.5,14.9,1,0,76,Low,7688.85
DRV02994,45,23,72.8,1,0.6,63.1,1.7,0,1,94,Low,5939.09
DRV02995,70,52,25,8,2.9,40.7,7.0,3,0,65,Medium,11830.95
DRV02996,59,26,65.7,0,10,79.0,12.6,0,1,78,Low,6963.16
DRV02997,63,31,50.9,1,1.4,92.9,10.4,0,0,100,Low,4890.23
DRV02998,60,16,58.7,2,2.1,31.7,17.9,1,0,79,Low,5988.82
DRV02999,69,7,40.8,4,2.0,30.8,14.4,0,0,81,Low,7978.17
DRV03000,63,9,59.8,4,2.6,22.0,14.2,1,2,57,Medium,13643.42
DRV03001,25,0,64.4,3,2.9,44.0,9.5,0,2,56,Medium,13985.83
DRV03002,22,4,44.4,2,0.9,61.3,17.1,5,1,44,High,19866.33
DRV03003,59,23,49.5,1,2.4,67.6,26.7,0,1,86,Low,6780.69
DRV03004,55,30,44.6,5,2.2,50.6,19.0,0,0,89,Low,5232.85
DRV03005,45,24,55.7,4,4.4,36.5,25.8,3,0,64,Medium,11453.68
DRV03006,32,13,59.3,0,3.1,44.7,13.8,0,0,100,Low,5379.42
DRV03007,42,3,54.8,0,1.0,54.6,4.8,0,0,99,Low,6482.05
DRV03008,47,21,70.2,4,2.8,19.0,4.5,4,0,72,Medium,12310.73
DRV03009,42,21,75.0,3,7.9,56.0,3.7,0,0,78,Low,5666.75
DRV03010,51,19,53.9,3,3.3,22.4,5.4,0,0,92,Low,5455.77
DRV03011,61,27,75.4,1,3.2,47.4,5.0,3,0,66,Medium,11633.11
DRV03012,34,15,66.4,1,1.0,18.5,27.5,0,0,91,Low,6407.18
DRV03013,22,2,37.9,2,1.2,75.6,8.0,1,2,63,Medium,13911.01
DRV03014,33,14,82.9,0,1.8,68.4,14.8,1,0,75,Low,6560.53
DRV03015,48,17,67.7,8,0.9,56.7,16.7,0,0,77,Low,6808.06
DRV03016,21,2,45.6,3,0.7,56.5,2.8,1,2,59,Medium,14121.12
DRV03017,23,5,53.6,15,1.2,41.4,10.8,1,2,26,High,19629.26
DRV03018,58,27,67.0,8,0.8,22.2,8.4,0,0,83,Low,6079.65
DRV03019,56,17,58.5,8,3.0,49.3,1.3,1,0,87,Low,8092.92
DRV03020,18,0,44.9,4,3.9,28.8,16.4,7,0,25,High,21486.09
DRV03021,22,4,62.7,1,3.7,40.1,20.3,1,1,60,Medium,13180.09
DRV03022,24,4,52.7,1,3.2,109.7,11.8,0,2,64,Medium,13313.54
DRV03023,57,8,75.2,5,5.2,45.3,10.8,2,0,53,Medium,12204.78
DRV03024,60,23,57.3,4,1.7,29.2,2.7,0,0,97,Low,5100.46
DRV03025,43,19,56.8,13,4.3,58.8,7.2,4,0,45,High,17195.86
DRV03026,18,0,48.8,2,10,36.6,3.7,0,0,71,Medium,12280.0
DRV03027,65,13,32.0,2,3.8,30.0,8.3,1,1,74,Medium,11231.39
DRV03028,37,16,74.1,0,3.3,92.5,18.0,1,0,85,Low,6013.64
DRV03029,19,1,64.7,4,9.5,38.2,17.4,0,0,51,Medium,12292.37
DRV03030,26,6,64.7,4,0.8,60.7,9.1,0,0,89,Low,6133.73
DRV03031,46,23,85.3,7,6.4,54.3,30.7,0,2,35,High,17098.29
DRV03032,52,32,52.5,5,0.8,24.3,9.4,2,1,73,Medium,11728.13
DRV03033,29,8,76.6,22,7.1,35.9,14.5,4,2,20,High,23255.69
DRV03034,46,22,57.6,5,3.1,5,5.6,0,1,84,Low,6960.44
DRV03035,28,2,99.3,4,6.8,52.7,25.1,1,0,33,High,17499.08
DRV03036,25,3,40.7,3,4.0,45.1,12.8,0,3,46,High,18337.78
DRV03037,51,9,53.4,0,3.9,41.9,7.5,0,0,91,Low,5267.56
DRV03038,24,6,73.7,0,0.3,56.8,6.7,1,2,66,Medium,13351.84
DRV03039,55,24,53.3,0,1.3,41.9,13.1,1,1,95,Low,6992.69
DRV03040,66,48,42.4,0,0.7,45.2,12.5,3,1,81,Medium,12377.53
DRV03041,44,16,80.8,15,4.7,54.4,22.4,1,2,20,High,19836.66
DRV03042,63,45,39.3,2,9.3,49.0,4.9,1,0,80,Low,6627.16
DRV03043,37,7,44.6,1,6.5,46.4,11.8,3,0,60,Medium,12180.24
DRV03044,25,1,25,0,3.4,26.9,5.8,0,3,62,High,18248.79
DRV03045,28,6,42.7,1,5.0,76.8,2.3,0,1,77,Low,8387.09
DRV03046,26,7,70.1,3,4.2,24.9,8.2,0,0,83,Low,7045.33
DRV03047,43,2,38.5,0,2.2,37.8,1.7,1,0,87,Low,7027.56
DRV03048,38,2,62.9,0,1.4,95.7,2.3,3,0,78,Medium,11691.12
DRV03049,53,5,64.9,0,4.2,30.0,16.5,0,0,86,Low,7265.25
DRV03050,20,2,57.3,4,3.8,25.2,8.6,0,1,71,Medium,12535.77
DRV03051,31,5,97.2,4,2.7,58.2,2.2,1,0,67,Medium,11976.36
DRV03052,20,1,43.2,11,0.9,10.3,3.3,0,0,74,Medium,11516.31
DRV03053,70,50,83.6,2,0.9,100.8,6.8,0,0,93,Low,6012.49
DRV03054,68,24,64.9,12,2.3,114.5,4.8,0,0,75,Low,6414.96
DRV03055,53,19,65.1,1,2.3,55.9,6.3,1,0,86,Low,6882.77
DRV03056,68,1,59.9,4,2.3,66.2,17.6,0,1,66,Medium,12359.53
DRV03057,50,6,60.8,0,2.4,5,12.6,1,0,90,Low,7246.93
DRV03058,49,22,99.3,0,1.2,60.8,9.1,1,0,85,Low,7450.57
DRV03059,28,10,71.9,2,10,75.1,17.9,0,0,65,Medium,10014.78
DRV03060,66,40,25,0,3.1,48.4,15.2,0,1,92,Low,7007.72
DRV03061,27,7,84.2,10,0.7,82.6,12.1,3,3,20,High,21825.03
DRV03062,19,1,55.1,2,2.8,26.1,5.4,0,3,53,High,18758.04
DRV03063,28,4,47.8,0,5.4,78.9,8.7,0,0,85,Low,7310.91
DRV03064,68,27,67.8,0,2.1,49.2,14.7,0,0,87,Low,6085.09
DRV03065,52,1,70.3,10,3.1,35.8,1.4,4,0,43,High,18600.25
DRV03066,35,17,62.0,0,1.5,58.1,13.0,1,0,94,Low,4898.29
DRV03067,52,10,63.3,4,2.3,24.1,7.7,1,4,37,High,20054.33
DRV03068,70,22,47.4,0,1.8,62.5,29.5,0,1,86,Low,6672.77
DRV03069,54,9,37.5,8,3.8,87.0,8.5,0,1,64,Medium,11611.68
DRV03070,33,4,51.7,0,1.4,67.4,8.1,0,1,91,Low,8323.42
DRV03071,68,33,72.5,3,1.5,52.9,11.0,0,2,71,Medium,11992.52
DRV03072,45,20,30.0,3,5.2,54.7,12.1,1,0,86,Low,5928.57
DRV03073,55,29,72.6,2,2.2,52.9,1.2,3,4,39,High,20032.39
DRV03074,47,25,48.0,4,1.7,54.6,22.3,0,0,93,Low,5790.88
DRV03075,54,24,65.0,0,3.0,70.3,5.5,1,0,99,Low,5441.02
DRV03076,54,2,50.5,1,1.6,69.7,14.4,3,1,50,Medium,14360.93
DRV03077,53,5,41.2,0,2.3,17.1,2.6,1,0,89,Low,7839.48
DRV03078,45,23,58.7,4,2.9,66.2,2.2,0,0,96,Low,5803.71
DRV03079,61,30,51.8,5,1.1,5.6,3.0,0,2,80,Medium,12035.14
DRV03080,34,14,25.6,5,5.7,36.0,5.8,2,1,55,Medium,12629.34
DRV03081,30,1,41.9,2,2.1,14.0,8.0,1,0,83,Low,7435.1
DRV03082,56,17,59.7,0,3.6,63.6,10.2,0,0,94,Low,5597.65
DRV03083,21,2,73.2,3,6.1,30.8,5.8,1,0,62,Medium,12191.88
DRV03084,22,3,64.8,0,1.5,83.4,11.6,0,0,96,Low,6658.02
DRV03085,55,12,25,1,0.2,38.0,20.5,1,0,82,Low,6393.16
DRV03086,43,9,45.7,0,3.0,49.1,2.7,2,0,88,Medium,11301.54
DRV03087,58,31,68.2,0,0.8,9.1,4.6,0,0,100,Low,5974.02
DRV03088,23,1,53.4,0,1.6,53.2,2.3,1,0,94,Low,7687.86
DRV03089,37,19,76.1,2,5.1,47.0,10.2,1,0,81,Low,7049.49
DRV03090,22,1,34.7,2,4.4,41.1,11.0,0,3,57,High,19157.36
DRV03091,27,2,63.3,2,1.8,14.3,5.3,1,0,79,Low,7573.05
DRV03092,67,11,67.3,1,3.3,51.9,15.4,1,1,71,Medium,10954.93
DRV03093,32,0,64.5,3,0.7,26.3,7.6,0,1,77,Low,8609.21
DRV03094,18,0,55.9,16,3.7,58.9,3.3,0,0,55,Medium,13890.08
DRV03095,52,27,52.6,1,7.2,21.8,9.1,1,3,57,High,18783.39
DRV03096,61,21,42.1,2,3.8,19.0,8.4,0,1,84,Low,6683.27
DRV03097,32,14,26.1,1,1.7,76.2,2.5,0,0,98,Low,5239.0
DRV03098,49,23,35.5,1,2.2,33.9,2.3,2,0,90,Medium,9638.46
DRV03099,37,17,82.7,0,4.2,11.5,1.5,0,0,87,Low,6406.74
DRV03100,49,3,84.2,6,1.3,106.1,38.9,1,1,40,High,18412.8
DRV03101,44,6,59.9,0,8.1,16.1,23.9,0,0,75,Low,7490.49
DRV03102,57,35,75.7,1,2.1,37.0,10.6,0,2,63,Medium,12028.84
DRV03103,49,13,50.3,0,1.1,36.5,3.9,0,0,100,Low,5276.28
DRV03104,43,11,43.6,2,3.4,55.3,3.6,0,2,67,Medium,11971.84
DRV03105,18,0,32.5,1,2.0,78.0,17.1,2,0,69,Medium,13139.69
DRV03106,19,1,85.0,2,0.7,28.3,8.0,0,0,75,Low,8736.8
DRV03107,62,37,63.6,0,6.2,53.5,23.7,4,0,54,Medium,13281.7
DRV03108,34,12,61.5,0,0.4,24.9,16.5,0,0,100,Low,5887.35
DRV03109,64,43,71.4,1,3.6,65.8,8.3,0,0,93,Low,5714.13
DRV03110,65,24,72.9,1,2.9,69.3,3.9,2,0,89,Medium,10435.48
DRV03111,36,9,66.2,4,0.8,103.5,6.7,1,0,84,Low,7028.98
DRV03112,43,12,64.2,3,1.1,5,7.6,0,0,90,Low,5731.25
DRV03113,62,4,48.7,13,0.6,29.6,7.9,3,4,20,High,22357.3
DRV03114,60,41,60.5,12,1.8,60.0,9.5,0,0,74,Medium,10571.09
DRV03115,25,2,79.4,1,4.8,54.1,10.9,1,2,49,High,19546.86
DRV03116,51,8,42.7,2,1.8,70.3,15.3,0,0,84,Low,6718.65
DRV03117,55,25,56.4,5,3.3,46.2,38.8,0,0,74,Medium,11054.17
DRV03118,65,46,68.6,0,1.9,36.4,9.3,0,0,100,Low,5584.09
DRV03119,27,7,52.6,3,1.7,44.8,3.9,2,0,86,Medium,11196.52
DRV03120,33,3,72.3,0,2.8,38.2,11.5,0,0,89,Low,6706.95
DRV03121,25,0,36.5,3,5.5,35.3,2.9,1,0,74,Medium,11205.17
DRV03122,38,12,75.2,3,5.1,42.8,15.3,0,1,60,Medium,11516.27
DRV03123,51,25,64.8,2,6.3,70.3,2.2,1,1,69,Medium,11636.94
DRV03124,25,3,68.6,5,2.6,49.0,23.9,0,1,54,Medium,12953.4
DRV03125,70,17,42.0,6,1.6,37.2,23.7,1,0,78,Low,7624.27
DRV03126,42,5,77.0,0,0.8,57.0,10.7,0,0,80,Low,6456.94
DRV03127,68,43,32.8,1,1.9,24.3,10.6,1,0,97,Low,6243.22
DRV03128,31,3,87.4,0,2.0,75.8,6.4,0,0,83,Low,6849.26
DRV03129,51,26,65.0,6,3.1,46.4,17.7,1,0,74,Medium,10895.68
DRV03130,39,13,78.5,9,0.3,35.5,5.4,0,0,69,Medium,10554.57
DRV03131,60,11,80.9,9,2.6,17.4,4.7,0,1,62,Medium,11592.48
DRV03132,33,5,48.1,0,1.7,30.4,7.3,0,0,100,Low,6635.48
DRV03133,69,3,63.0,1,1.3,87.8,15.2,1,2,58,Medium,13737.87
DRV03134,50,7,76.9,7,1.3,25.4,24.9,2,1,37,High,17680.93
DRV03135,50,5,64.2,12,3.3,32.4,9.0,0,1,51,Medium,12881.49
DRV03136,61,17,44.1,5,0.3,28.8,10.9,1,0,81,Low,7323.52
DRV03137,67,17,45.1,0,2.5,59.0,13.5,0,3,68,High,16040.42
DRV03138,47,6,52.0,1,3.5,37.3,4.9,1,0,85,Low,6932.13
DRV03139,19,1,57.9,3,1.3,52.4,7.1,3,0,66,Medium,14442.47
DRV03140,39,21,59.4,0,6.2,53.2,4.3,2,0,89,Medium,9986.07
DRV03141,67,45,48.1,10,3.2,64.3,6.9,0,0,82,Low,6396.16
DRV03142,33,9,59.0,4,0.8,53.7,10.2,0,0,93,Low,7182.64
DRV03143,18,0,32.4,7,1.7,52.3,4.5,0,1,64,Medium,13381.68
DRV03144,59,37,73.1,1,6.1,19.7,17.8,1,0,70,Medium,10709.41
DRV03145,61,24,57.1,0,1.2,46.4,10.8,0,0,100,Low,5053.87
DRV03146,55,35,74.3,0,2.2,22.2,7.9,2,2,67,Medium,12929.22
DRV03147,19,1,74.5,1,1.3,5,13.6,2,0,66,Medium,12655.79
DRV03148,24,4,25,4,1.4,53.3,7.8,0,0,76,Low,7597.45
DRV03149,67,25,43.6,2,3.8,60.7,8.8,0,1,89,Low,6941.06
DRV03150,61,12,59.6,5,0.8,48.2,4.8,0,0,99,Low,6148.63
DRV03151,49,18,81.7,8,5.4,64.6,1.2,0,1,65,Medium,11812.36
DRV03152,31,2,66.0,7,1.7,31.7,3.1,1,0,64,Medium,11795.35
DRV03153,49,29,25.2,0,1.7,39.1,1.6,1,0,100,Low,5230.79
DRV03154,69,34,53.2,4,2.9,10.0,19.9,1,1,70,Medium,11128.15
DRV03155,41,14,58.7,0,1.6,21.8,7.9,1,1,85,Low,6272.29
DRV03156,67,31,98.0,7,0.3,20.5,13.2,2,0,60,Medium,11831.82
DRV03157,36,17,54.6,0,6.4,24.2,5.9,0,2,80,Medium,11684.55
DRV03158,52,11,75.6,0,0.4,52.4,20.0,0,0,91,Low,5447.98
DRV03159,45,25,51.6,11,1.5,84.6,2.5,1,2,55,Medium,12979.44
DRV03160,69,22,51.1,6,1.3,47.5,4.9,0,1,93,Low,7364.19
DRV03161,34,0,34.1,4,1.3,39.9,1.1,2,0,79,Medium,12052.66
DRV03162,67,29,65.4,0,2.8,42.2,10.4,0,0,100,Low,5251.44
DRV03163,47,13,93.1,9,1.1,10.0,24.8,0,0,61,Medium,11539.06
DRV03164,44,16,50.1,19,3.0,32.8,30.7,0,0,44,High,16296.78
DRV03165,29,5,66.3,10,3.5,71.5,13.9,0,1,49,High,16171.08
DRV03166,23,3,46.9,1,1.2,31.1,5.3,1,0,87,Low,7516.71
DRV03167,57,22,48.3,4,7.0,5,7.0,0,1,71,Medium,11314.82
DRV03168,65,14,61.5,1,5.5,54.4,16.4,3,1,53,Medium,12399.1
DRV03169,58,14,61.5,5,0.9,89.3,19.3,0,3,55,High,17521.82
DRV03170,29,8,56.2,1,5.2,19.5,1.9,2,0,81,Medium,10954.0
DRV03171,40,2,50.8,10,1.8,35.2,8.1,0,1,63,Medium,12489.39
DRV03172,57,15,56.1,9,1.8,61.1,9.2,1,0,73,Medium,10598.46
DRV03173,44,9,49.5,4,1.1,48.0,17.7,0,1,71,Medium,10966.21
DRV03174,39,3,49.5,4,0.5,55.0,5.5,0,0,91,Low,6681.94
DRV03175,29,5,49.6,5,8.4,46.3,7.8,0,0,72,Medium,11323.57
DRV03176,65,16,54.7,2,5.4,118.8,3.3,1,0,82,Low,6962.27
DRV03177,44,18,66.0,0,0.9,72.6,14.6,0,0,94,Low,5493.76
DRV03178,38,0,47.5,8,1.7,32.1,10.6,0,0,68,Medium,11584.53
DRV03179,32,8,54.0,2,0.6,37.5,5.1,0,0,100,Low,5617.74
DRV03180,34,11,78.9,6,3.5,80.1,30.4,2,1,35,High,18465.97
DRV03181,62,22,55.1,1,0.9,58.6,2.8,0,0,100,Low,4474.79
DRV03182,23,5,68.2,6,1.6,75.5,10.5,4,1,37,High,19002.1
DRV03183,48,2,69.4,2,0.9,67.5,14.2,0,2,68,Medium,13197.41
DRV03184,61,28,54.3,9,1.7,75.2,21.7,1,1,62,Medium,12735.78
DRV03185,20,1,57.5,3,2.5,58.8,6.1,0,0,85,Low,7978.11
DRV03186,44,20,50.6,0,3.6,71.9,8.3,0,0,100,Low,5344.14
DRV03187,19,0,75.8,2,0.2,16.9,0.1,0,0,95,Low,7531.04
DRV03188,65,30,38.7,4,4.3,17.3,9.0,2,0,76,Medium,10300.26
DRV03189,28,2,65.0,2,1.0,84.1,7.0,0,0,84,Low,6647.82
DRV03190,67,43,71.9,0,4.7,31.8,16.1,1,0,80,Low,6410.5
DRV03191,52,15,54.6,8,1.4,61.6,34.6,0,1,56,Medium,11522.09
DRV03192,23,0,36.8,5,2.9,21.8,5.5,1,1,65,Medium,13663.85
DRV03193,60,38,71.9,9,3.1,51.5,16.2,0,0,66,Medium,9871.74
DRV03194,21,2,74.5,1,4.7,58.6,4.3,2,1,56,Medium,13728.69
DRV03195,39,8,63.8,0,3.0,43.4,5.8,0,1,84,Low,7657.69
DRV03196,20,2,69.4,3,6.6,29.6,6.9,0,2,45,High,17022.44
DRV03197,21,0,40.3,0,1.5,82.1,14.8,0,0,90,Low,7498.73
DRV03198,40,22,59.9,2,0.4,5,5.6,1,0,95,Low,6474.79
DRV03199,25,2,61.0,0,5.3,25.0,14.1,1,1,75,Low,9409.79
DRV03200,40,3,53.9,9,2.8,45.0,16.1,0,3,37,High,18962.79
DRV03201,49,10,68.3,2,2.9,22.8,15.7,0,1,66,Medium,10497.13
DRV03202,24,6,59.2,5,4.5,40.0,0.9,1,0,76,Low,7996.79
DRV03203,38,18,43.5,1,6.1,51.2,7.1,0,0,100,Low,5278.84
DRV03204,41,0,55.3,1,3.4,23.0,6.3,0,0,89,Low,7234.26
DRV03205,40,8,47.6,7,1.6,58.6,10.2,0,1,66,Medium,11665.04
DRV03206,18,0,68.2,1,0.5,14.6,7.6,0,0,94,Low,7339.61
DRV03207,22,4,70.7,0,3.5,62.7,7.0,0,0,92,Low,6738.61
DRV03208,33,4,52.7,3,8.6,80.2,16.0,1,0,62,Medium,11565.02
DRV03209,34,0,70.9,3,2.8,26.3,4.9,1,0,75,Low,8068.93
DRV03210,58,19,60.5,11,3.5,24.4,10.1,1,0,72,Medium,10624.1
DRV03211,69,29,26.9,1,4.9,90.1,4.3,0,0,97,Low,4443.54
DRV03212,46,26,54.0,6,0.7,45.4,1.1,2,0,87,Medium,11006.09
DRV03213,69,34,58.2,1,2.3,27.7,6.5,2,1,77,Medium,11656.47
DRV03214,20,1,40.6,0,6.7,45.0,5.2,0,0,84,Low,8471.1
DRV03215,34,10,49.5,0,2.4,40.6,7.0,0,0,96,Low,5944.34
DRV03216,62,29,56.6,0,6.7,64.2,10.3,0,1,85,Low,7136.25
DRV03217,34,1,76.1,0,2.4,76.8,4.6,0,1,82,Low,8177.31
DRV03218,31,3,55.4,0,2.6,24.1,22.6,0,1,73,Medium,12137.82
DRV03219,64,46,67.0,4,5.6,34.6,3.3,0,0,93,Low,6001.84
DRV03220,68,42,52.2,1,4.4,69.1,24.2,0,1,80,Low,7586.33
DRV03221,20,1,91.4,6,2.6,23.5,3.1,0,0,60,Medium,11646.73
DRV03222,26,7,43.1,0,0.6,73.7,19.0,1,4,45,High,19555.75
DRV03223,41,11,42.4,3,0.7,64.6,11.4,1,1,74,Medium,12310.55
DRV03224,55,35,89.4,5,3.1,60.8,24.5,2,0,50,Medium,11799.76
DRV03225,26,6,57.5,4,0.2,47.2,2.9,0,0,94,Low,6027.91
DRV03226,38,16,39.8,13,0.5,29.4,10.8,0,2,53,Medium,12074.08
DRV03227,28,3,62.9,1,0.3,61.3,15.9,2,2,58,Medium,14039.61
DRV03228,24,5,67.0,1,4.0,28.8,6.2,1,3,51,High,19305.41
DRV03229,26,2,62.3,4,1.8,77.8,3.4,0,0,85,Low,7622.94
DRV03230,28,4,58.6,4,0.4,61.6,8.9,0,1,81,Low,8708.83
DRV03231,39,1,38.7,3,5.4,12.7,5.0,0,0,76,Low,7011.68
DRV03232,44,5,29.2,4,1.8,21.2,2.2,0,0,83,Low,6755.11
DRV03233,43,7,67.4,0,3.1,37.3,3.2,0,2,74,Medium,12295.97
DRV03234,65,12,38.8,1,7.4,61.7,11.8,2,0,69,Medium,10981.01
DRV03235,37,6,66.8,1,1.3,43.4,4.3,0,0,87,Low,6053.63
DRV03236,30,8,71.2,5,1.5,40.0,1.3,1,1,70,Medium,11639.84
DRV03237,70,2,75.5,26,2.0,22.5,6.8,0,0,25,High,17128.67
DRV03238,61,1,28.5,3,3.8,41.7,1.5,0,3,53,High,18256.45
DRV03239,47,8,85.5,7,3.6,83.4,32.5,0,0,42,High,15981.45
DRV03240,41,19,88.5,10,0.4,73.0,1.4,0,0,73,Medium,10630.4
DRV03241,50,11,38.2,0,1.3,91.4,0.4,2,0,88,Medium,10085.58
DRV03242,70,19,44.1,2,4.4,64.4,11.2,3,0,68,Medium,11907.34
DRV03243,67,24,36.7,0,8.5,32.6,14.7,0,0,84,Low,5238.41
DRV03244,58,16,63.8,0,4.8,41.0,8.1,4,0,64,Medium,11502.88
DRV03245,59,32,80.8,3,1.8,53.7,6.4,0,0,87,Low,6090.13
DRV03246,36,10,60.7,0,2.7,5,17.6,4,1,52,Medium,14265.18
DRV03247,21,1,43.4,8,5.4,51.0,3.2,0,2,45,High,18689.85
DRV03248,19,1,60.4,0,2.3,110.9,20.2,0,0,80,Low,8068.76
DRV03249,59,40,51.5,0,2.6,30.7,5.0,1,0,92,Low,5750.19
DRV03250,64,4,57.2,1,6.5,36.5,12.8,0,0,76,Low,7147.5
DRV03251,55,1,70.2,0,0.6,50.9,17.4,1,1,67,Medium,11792.32
DRV03252,54,11,71.1,3,0.3,47.9,5.9,0,0,86,Low,5996.15
DRV03253,35,6,83.6,1,5.6,67.6,11.2,0,1,56,Medium,12491.48
DRV03254,59,7,56.6,1,0.3,66.7,5.6,0,0,100,Low,6348.61
DRV03255,32,8,52.3,1,1.0,55.3,8.6,0,0,97,Low,6467.77
DRV03256,30,4,70.2,4,2.7,63.5,13.7,2,0,60,Medium,12512.59
DRV03257,62,2,39.2,0,1.2,48.6,6.5,1,0,91,Low,6653.6
DRV03258,37,0,41.7,6,5.8,40.2,12.4,3,1,33,High,19344.14
DRV03259,18,0,64.1,3,0.9,5,25.8,0,1,64,Medium,13199.21
DRV03260,64,39,34.1,20,3.9,59.2,26.7,0,0,48,High,15451.1
DRV03261,39,18,66.1,0,2.3,34.0,6.1,0,0,100,Low,5395.2
DRV03262,33,13,35.8,7,0.7,14.6,11.6,1,0,78,Low,6738.06
DRV03263,65,27,39.2,2,4.7,49.3,10.2,0,1,90,Low,7879.52
DRV03264,50,14,53.5,4,6.3,40.6,9.0,0,1,72,Medium,10549.74
DRV03265,63,24,56.2,2,1.0,44.6,14.1,0,1,93,Low,6587.68
DRV03266,55,27,65.1,7,0.3,5,15.2,1,0,73,Medium,9451.57
DRV03267,48,12,67.0,2,6.5,38.0,23.7,3,0,49,High,16754.71
DRV03268,49,27,83.4,1,3.4,50.1,1.5,0,1,82,Low,7039.96
DRV03269,58,39,59.9,4,6.3,54.9,7.0,0,0,85,Low,6764.24
DRV03270,55,36,57.8,7,1.8,6.6,7.8,1,1,72,Medium,10923.71
DRV03271,20,1,41.0,5,3.2,66.8,10.9,0,1,66,Medium,13877.23
DRV03272,23,3,38.7,12,0.9,58.9,9.5,0,3,43,High,19659.61
DRV03273,35,6,64.7,8,0.6,28.6,37.3,0,0,60,Medium,12060.28
DRV03274,41,12,42.9,0,7.0,52.0,14.7,0,0,89,Low,5992.21
DRV03275,51,6,66.5,0,3.1,71.3,13.7,0,0,87,Low,7521.52
DRV03276,70,49,40.2,3,3.8,66.2,16.5,1,0,81,Low,6842.56
DRV03277,19,1,67.1,1,4.0,35.2,21.1,1,2,46,High,19220.76
DRV03278,59,9,64.9,2,2.7,58.3,5.6,2,0,76,Medium,11014.16
DRV03279,29,8,39.6,2,5.5,10.1,12.3,0,0,82,Low,7950.68
DRV03280,54,13,72.0,2,1.8,19.1,12.8,0,0,87,Low,6348.4
DRV03281,23,5,53.9,5,8.6,65.4,20.0,0,1,62,Medium,13331.89
DRV03282,21,2,47.5,5,4.1,54.4,17.0,0,0,74,Medium,11827.44
DRV03283,55,10,45.6,6,1.2,24.8,7.9,0,0,96,Low,6237.9
DRV03284,25,6,32.0,6,0.8,50.0,33.9,0,1,57,Medium,12652.04
DRV03285,37,4,55.1,1,1.1,5,11.4,1,2,62,Medium,13211.78
DRV03286,36,10,69.6,3,2.5,49.9,7.5,0,1,61,Medium,10707.57
DRV03287,36,16,54.3,3,2.6,52.5,4.9,1,0,94,Low,6519.42
DRV03288,30,0,40.2,3,7.0,51.5,16.1,3,0,53,Medium,14076.25
DRV03289,58,14,68.1,22,4.1,38.7,6.9,0,0,36,High,15585.55
DRV03290,37,15,58.4,0,2.2,10.3,4.5,1,1,88,Low,6647.94
DRV03291,45,14,44.4,0,6.0,55.1,2.0,2,0,83,Medium,10431.41
DRV03292,29,4,51.4,1,7.9,49.8,6.4,0,0,85,Low,6533.75
DRV03293,62,10,70.2,1,2.0,43.4,8.8,0,0,88,Low,5920.37
DRV03294,66,24,87.4,1,0.8,68.2,19.8,0,2,74,Medium,12777.99
DRV03295,55,9,46.8,6,2.7,79.9,10.5,3,0,56,Medium,12553.59
DRV03296,18,0,64.1,2,1.0,104.0,3.3,0,1,81,Low,8388.56
DRV03297,45,10,62.8,4,3.0,63.5,9.0,0,2,71,Medium,12537.08
DRV03298,55,32,59.6,1,2.8,5,6.6,0,3,72,High,16837.59
DRV03299,55,16,44.7,8,3.2,56.2,10.1,0,1,70,Medium,10220.27
DRV03300,18,0,82.3,2,6.5,34.8,3.9,0,0,60,Medium,12030.24
DRV03301,27,8,28.2,1,5.1,62.3,14.3,0,0,87,Low,6057.57
DRV03302,60,29,67.5,1,1.8,37.4,13.1,0,2,77,Medium,11161.71
DRV03303,45,16,33.4,8,4.2,42.1,13.8,1,0,74,Medium,10218.99
DRV03304,60,11,44.3,6,0.9,49.6,11.2,1,0,76,Low,7511.78
DRV03305,43,5,75.0,1,3.0,59.0,18.4,0,0,74,Medium,9456.15
DRV03306,22,4,55.1,2,9.5,36.8,8.4,1,0,65,Medium,11493.78
DRV03307,54,27,25,0,5.8,55.0,4.2,4,1,64,Medium,13541.0
DRV03308,59,35,53.8,4,0.9,51.3,2.7,1,0,91,Low,5847.62
DRV03309,52,23,54.3,1,1.2,33.4,13.3,0,1,92,Low,7101.12
DRV03310,26,4,25.9,5,2.0,54.6,28.2,0,2,49,High,18312.94
DRV03311,68,38,75.2,0,2.9,42.7,2.8,2,0,85,Medium,10586.77
DRV03312,43,9,65.5,0,1.6,66.0,5.2,1,3,61,High,17714.03
DRV03313,24,1,51.0,2,2.1,65.3,2.2,1,0,76,Low,7449.0
DRV03314,46,15,64.9,6,0.1,50.8,14.6,0,0,89,Low,6082.75
DRV03315,31,5,52.5,9,1.4,70.3,9.3,1,4,27,High,21409.51
DRV03316,33,13,37.7,16,2.0,14.4,12.0,0,0,66,Medium,10752.43
DRV03317,68,26,75.2,3,4.4,16.6,3.5,0,1,83,Low,6540.84
DRV03318,23,4,64.0,1,1.5,31.4,13.6,1,0,82,Low,7693.78
DRV03319,55,13,49.4,0,3.3,47.8,13.1,1,3,64,High,17159.28
DRV03320,24,2,79.3,12,4.9,21.1,7.0,4,0,20,High,19225.87
DRV03321,64,40,77.0,11,0.5,43.9,16.2,0,0,69,Medium,10158.58
DRV03322,70,17,60.9,0,2.3,65.3,4.3,0,2,81,Medium,11642.97
DRV03323,57,39,62.5,4,4.0,55.2,12.5,5,1,40,High,18016.57
DRV03324,22,1,53.7,4,2.1,54.1,3.3,1,3,46,High,20294.84
DRV03325,68,25,78.5,0,6.2,52.9,13.4,1,0,79,Low,6610.75
DRV03326,35,15,59.5,7,2.6,56.1,7.4,1,4,38,High,19073.88
DRV03327,29,5,83.8,10,4.9,39.4,11.1,1,1,36,High,18087.43
DRV03328,69,19,76.7,1,1.8,47.0,6.7,5,1,48,High,17937.67
DRV03329,63,18,72.1,5,10,52.3,15.1,0,2,41,High,16751.57
DRV03330,54,6,49.8,4,3.8,35.5,23.5,0,0,81,Low,6470.42
DRV03331,27,1,93.2,1,3.2,42.1,10.7,0,4,29,High,20755.69
DRV03332,18,0,77.2,4,3.9,47.4,20.3,1,0,53,Medium,13353.86
DRV03333,63,34,75.5,0,3.0,55.7,3.7,0,0,93,Low,5068.66
DRV03334,51,22,59.6,1,2.9,56.2,1.1,1,0,97,Low,6261.73
DRV03335,65,4,46.7,7,2.4,42.1,5.7,0,1,66,Medium,11319.0
DRV03336,65,8,48.2,2,0.9,15.7,12.1,0,0,92,Low,6873.59
DRV03337,27,5,67.3,1,0.9,26.6,20.7,0,0,86,Low,6744.77
DRV03338,30,10,67.9,3,0.9,63.7,3.0,2,0,79,Medium,11189.51
DRV03339,63,2,36.4,10,1.1,24.8,7.7,6,0,20,High,19725.45
DRV03340,58,3,63.8,4,1.5,48.1,3.2,1,0,71,Medium,12094.5
DRV03341,59,29,66.5,3,4.5,39.4,4.4,0,0,90,Low,6550.25
DRV03342,29,8,76.3,4,4.5,51.9,4.5,2,0,60,Medium,11546.0
DRV03343,57,23,85.1,10,4.5,49.9,5.0,3,0,50,Medium,13267.04
DRV03344,49,11,25,0,0.6,60.3,12.1,2,1,80,Medium,11628.34
DRV03345,65,47,69.0,1,3.6,31.6,17.2,0,0,90,Low,6138.6
DRV03346,26,1,49.7,1,1.8,49.3,11.7,0,2,64,Medium,12733.9
DRV03347,47,5,37.4,4,1.7,75.6,1.4,2,0,85,Medium,12444.67
DRV03348,24,2,40.3,1,5.5,78.9,4.8,0,0,86,Low,7258.92
DRV03349,31,1,55.3,1,0.8,68.0,14.0,2,0,77,Medium,11731.23
DRV03350,57,8,55.7,13,0.4,5,8.4,0,0,73,Medium,10726.96
DRV03351,55,33,80.7,1,4.8,33.6,8.9,0,1,71,Medium,11058.26
DRV03352,63,25,65.6,2,1.9,76.8,14.6,1,0,89,Low,6510.39
DRV03353,68,30,75.0,5,1.1,5,7.3,0,1,81,Low,7016.88
DRV03354,53,5,62.2,0,10,31.7,8.5,2,2,36,High,18818.4
DRV03355,44,18,39.6,0,3.9,50.3,9.9,0,1,93,Low,6420.39
DRV03356,38,20,33.4,2,1.3,87.8,4.7,1,0,98,Low,5439.01
DRV03357,36,12,56.2,2,7.5,5,11.3,0,1,67,Medium,11707.36
DRV03358,58,4,97.6,7,3.4,74.8,5.8,1,2,32,High,18857.25
DRV03359,28,4,53.9,3,1.5,64.3,10.9,7,0,41,High,20018.63
DRV03360,44,2,32.1,5,4.5,41.6,8.8,0,3,44,High,18539.04
DRV03361,26,7,77.5,1,4.4,25.6,10.4,0,0,71,Medium,10400.85
DRV03362,25,3,61.3,5,4.4,29.3,8.7,1,1,53,Medium,12657.02
DRV03363,48,28,53.0,1,4.5,50.9,4.7,0,0,100,Low,5038.35
DRV03364,27,7,65.0,0,4.4,67.7,11.3,1,0,77,Low,7512.49
DRV03365,59,40,74.3,0,3.0,88.0,7.1,2,0,89,Medium,10013.36
DRV03366,65,17,60.9,2,1.1,68.1,2.3,2,0,85,Medium,10234.28
DRV03367,28,0,89.3,0,1.8,34.0,1.8,3,0,60,Medium,13456.02
DRV03368,33,5,83.7,1,5.5,41.7,4.4,0,0,76,Low,7159.83
DRV03369,54,24,64.6,5,3.4,41.7,7.0,0,2,76,Medium,12375.39
DRV03370,19,0,64.7,0,3.8,13.3,18.7,3,0,58,Medium,14196.08
DRV03371,41,3,48.1,1,4.1,5.3,21.7,0,0,76,Low,7524.44
DRV03372,35,6,56.7,0,7.9,62.9,4.8,0,0,85,Low,6875.14
DRV03373,47,8,29.2,8,5.7,8.4,6.0,0,0,72,Medium,9443.37
DRV03374,62,41,26.4,2,1.5,56.7,2.9,0,0,100,Low,4629.1
DRV03375,31,8,64.2,0,1.5,101.7,1.7,0,0,96,Low,5213.86
DRV03376,34,8,37.1,3,2.6,37.8,3.0,0,0,90,Low,5813.55
DRV03377,58,19,72.6,0,3.9,71.2,3.4,0,0,97,Low,4667.99
DRV03378,65,2,49.0,0,1.2,81.0,8.4,1,0,86,Low,7986.73
DRV03379,20,1,63.7,0,4.2,73.4,0.7,1,2,63,Medium,14697.08
DRV03380,29,4,47.9,1,1.9,59.4,33.5,0,1,71,Medium,12075.71
DRV03381,43,23,60.9,4,3.1,95.5,3.1,0,0,92,Low,6146.38
DRV03382,61,29,76.2,0,4.0,104.6,7.0,0,0,95,Low,5086.34
DRV03383,42,2,42.5,2,1.2,49.5,10.5,4,2,40,High,20107.38
DRV03384,55,35,69.5,1,3.3,128.2,22.5,0,2,73,Medium,12556.7
DRV03385,54,11,67.9,2,2.3,28.1,23.2,0,1,69,Medium,10627.97
DRV03386,19,1,56.3,0,0.5,48.5,9.0,0,0,96,Low,7051.64
DRV03387,70,11,37.2,3,4.4,48.2,13.3,0,0,86,Low,5735.99
DRV03388,26,3,54.4,11,5.7,7.8,10.3,0,1,52,Medium,14022.01
DRV03389,23,4,68.5,0,0.8,19.0,12.3,1,1,72,Medium,12293.35
DRV03390,19,0,61.0,2,2.1,86.2,9.6,0,0,87,Low,7275.1
DRV03391,63,45,47.8,0,7.1,49.5,5.1,1,0,90,Low,6053.62
DRV03392,29,9,73.8,1,0.8,37.3,6.8,1,0,89,Low,6781.98
DRV03393,67,18,72.0,8,1.6,11.6,8.4,3,3,31,High,19483.33
DRV03394,27,9,36.1,9,3.0,70.0,2.7,2,0,65,Medium,11874.86
DRV03395,65,36,76.5,3,2.3,73.6,8.1,0,1,66,Medium,10562.93
DRV03396,68,4,75.4,5,2.7,43.0,7.1,1,0,71,Medium,11485.36
DRV03397,70,26,44.0,5,1.1,35.5,11.9,1,2,67,Medium,13328.92
DRV03398,65,17,65.9,14,1.9,82.2,8.3,0,0,67,Medium,9640.62
DRV03399,35,4,61.1,0,2.0,57.9,3.0,0,0,98,Low,6267.43
DRV03400,64,43,26.3,1,1.5,23.3,2.8,0,0,100,Low,5624.39
DRV03401,18,0,59.7,0,2.0,75.1,6.5,0,0,94,Low,8312.88
DRV03402,36,7,73.8,0,4.9,58.3,2.1,0,1,77,Low,7293.12
DRV03403,58,5,48.3,8,1.5,5,13.7,0,0,69,Medium,11019.13
DRV03404,54,9,54.6,2,3.5,35.4,14.1,0,1,75,Low,7512.53
DRV03405,50,19,53.4,3,3.8,57.9,2.8,1,3,57,High,17773.27
DRV03406,36,6,68.6,1,2.6,60.7,4.8,0,1,74,Medium,11459.29
DRV03407,42,2,42.6,0,1.8,58.7,15.5,1,1,72,Medium,13022.2
DRV03408,26,7,52.4,2,6.1,21.7,4.1,0,1,74,Medium,11402.57
DRV03409,61,24,45.4,17,2.7,29.8,11.3,0,1,57,Medium,12089.52
DRV03410,46,17,78.2,1,5.1,32.7,15.9,0,2,65,Medium,11890.95
DRV03411,27,5,39.7,2,2.2,88.7,5.5,0,0,92,Low,7390.96
DRV03412,35,1,62.7,0,2.4,96.2,6.9,0,0,90,Low,7172.8
DRV03413,40,21,58.3,1,2.6,14.8,4.8,0,0,100,Low,5178.36
DRV03414,31,2,25,2,1.5,5,6.3,0,1,76,Low,8601.2
DRV03415,56,29,71.2,1,2.3,29.8,16.5,0,0,85,Low,4588.18
DRV03416,32,7,54.3,2,3.2,33.2,9.1,1,0,82,Low,7882.43
DRV03417,56,21,52.0,1,2.3,61.0,14.9,0,1,90,Low,7106.39
DRV03418,44,7,59.1,3,2.9,39.6,6.7,0,0,90,Low,7334.62
DRV03419,57,19,63.8,9,5.3,42.7,6.3,2,0,57,Medium,11580.58
DRV03420,37,4,25,2,4.8,29.6,15.9,1,0,72,Medium,12000.72
DRV03421,42,7,74.7,13,4.1,56.1,1.3,0,1,52,Medium,12312.42
DRV03422,36,0,28.1,13,1.9,51.5,2.9,0,1,54,Medium,13182.34
DRV03423,27,9,61.1,0,2.1,54.4,4.2,0,1,93,Low,7320.22
DRV03424,61,28,67.3,4,1.6,76.0,13.0,0,1,79,Low,7506.75
DRV03425,52,18,51.8,1,1.5,91.8,20.5,0,2,82,Medium,11173.4
DRV03426,39,2,53.8,4,3.7,45.0,11.5,0,0,79,Low,7032.6
DRV03427,67,16,44.1,6,0.5,14.6,18.5,5,2,34,High,20317.3
DRV03428,48,23,91.6,0,5.5,5,1.7,1,2,65,Medium,13534.27
DRV03429,27,1,44.1,0,2.4,27.0,8.6,0,0,87,Low,6822.03
DRV03430,58,33,63.1,6,0.4,54.6,30.0,0,2,67,Medium,12594.18
DRV03431,18,0,65.0,1,4.1,13.9,20.9,0,0,80,Low,8761.64
DRV03432,30,5,50.7,4,3.4,88.3,3.9,1,0,74,Medium,9942.37
DRV03433,27,0,60.8,1,0.8,74.9,12.9,0,0,85,Low,6453.54
DRV03434,26,8,75.5,3,1.6,27.7,20.9,0,0,76,Low,6708.97
DRV03435,31,8,64.3,17,7.7,69.6,6.1,2,1,20,High,18575.99
DRV03436,57,36,54.7,3,3.6,31.1,0.2,4,1,68,Medium,12606.95
DRV03437,61,23,52.1,1,1.1,29.6,2.0,1,1,94,Low,6643.28
DRV03438,30,10,62.9,4,2.9,56.4,1.9,0,2,58,Medium,11346.83
DRV03439,33,2,103.7,0,5.1,59.3,1.9,0,1,62,Medium,13188.21
DRV03440,66,38,37.4,6,2.8,57.2,8.5,1,0,76,Low,6242.17
DRV03441,59,13,58.9,0,2.2,53.0,8.5,1,0,96,Low,5897.8
DRV03442,44,5,66.9,1,3.8,57.5,11.5,3,3,36,High,20243.1
DRV03443,22,4,78.7,5,2.0,38.8,4.6,2,1,52,Medium,13051.18
DRV03444,70,11,48.3,1,3.3,68.3,38.0,0,1,70,Medium,11485.61
DRV03445,49,31,55.6,3,9.2,27.2,1.9,1,1,76,Low,7586.88
DRV03446,22,0,41.9,1,1.1,72.4,6.7,0,2,68,Medium,13632.73
DRV03447,57,31,54.3,5,0.6,43.0,15.8,0,3,58,High,17646.15
DRV03448,68,11,53.9,1,2.6,47.8,6.6,1,0,87,Low,6317.68
DRV03449,39,5,79.0,6,3.7,74.1,23.7,0,2,48,High,18166.84
DRV03450,26,7,47.8,5,2.9,62.7,9.4,1,0,71,Medium,10871.74
DRV03451,41,17,36.9,3,1.6,25.5,12.9,1,2,72,Medium,12746.63
DRV03452,32,5,78.3,3,2.2,31.8,17.0,0,0,80,Low,7457.96
DRV03453,22,4,78.1,5,2.9,67.0,3.2,1,0,67,Medium,12033.14
DRV03454,52,6,62.8,4,1.9,44.6,6.5,1,0,74,Medium,10109.21
DRV03455,35,1,82.6,3,2.3,54.6,5.5,0,1,65,Medium,12702.38
DRV03456,63,19,70.5,9,7.5,78.8,4.3,3,0,40,High,16012.69
DRV03457,53,28,64.6,4,2.0,67.0,11.9,1,1,86,Low,7678.2
DRV03458,46,26,69.1,4,0.4,5,7.9,0,0,96,Low,5912.91
DRV03459,24,1,63.1,7,1.5,30.9,6.4,0,2,53,Medium,13801.06
DRV03460,47,23,73.2,3,1.1,57.3,12.6,1,0,81,Low,5653.72
DRV03461,56,1,55.0,2,1.3,50.0,1.0,0,1,82,Low,7987.1
DRV03462,57,16,43.9,6,3.9,71.9,5.5,0,0,82,Low,5608.18
DRV03463,31,7,37.8,4,1.8,85.4,5.2,0,1,78,Low,7783.39
DRV03464,53,33,81.8,4,5.5,70.2,9.4,1,0,71,Medium,11124.42
DRV03465,28,4,88.3,0,3.0,73.5,2.8,0,1,72,Medium,12748.69
DRV03466,49,2,72.0,0,0.6,15.7,3.5,0,0,89,Low,5926.31
DRV03467,38,3,42.7,8,3.7,30.5,5.4,0,1,65,Medium,11277.28
DRV03468,60,21,79.4,0,6.7,46.3,10.3,0,0,87,Low,6145.39
DRV03469,69,49,35.9,1,4.3,5,9.9,0,0,100,Low,5473.71
DRV03470,39,21,48.4,4,4.5,50.5,4.9,0,0,85,Low,5746.83
DRV03471,21,0,48.0,0,4.2,32.4,2.5,0,1,78,Low,8806.79
DRV03472,26,1,63.6,2,6.5,31.0,5.9,0,1,61,Medium,12756.65
DRV03473,26,1,58.5,5,0.5,30.0,2.9,2,0,82,Medium,11521.75
DRV03474,70,37,48.2,6,0.8,76.4,5.9,2,0,79,Medium,11679.48
DRV03475,55,17,56.4,1,3.0,22.3,9.8,0,0,100,Low,5964.63
DRV03476,44,7,38.7,11,2.0,34.6,7.2,0,0,69,Medium,11269.59
DRV03477,63,32,58.8,6,2.0,18.4,1.0,0,0,95,Low,5815.33
DRV03478,53,18,64.6,3,1.6,62.6,12.9,0,0,89,Low,5308.12
DRV03479,48,28,84.6,22,5.8,47.9,5.3,0,0,32,High,16901.69
DRV03480,68,0,51.5,4,1.8,5,5.9,0,2,61,Medium,13522.24
DRV03481,46,9,76.6,1,4.9,31.3,5.1,2,1,56,Medium,12260.11
DRV03482,49,29,68.0,0,4.5,106.1,15.6,1,0,83,Low,6559.93
DRV03483,23,4,35.2,5,2.4,21.9,2.1,1,0,76,Low,7435.93
DRV03484,63,42,64.8,0,1.3,54.8,23.8,0,0,93,Low,5291.97
DRV03485,30,3,46.4,4,1.9,21.2,16.9,0,1,68,Medium,13017.78
DRV03486,54,13,61.6,5,7.9,60.5,1.2,1,3,39,High,18500.11
DRV03487,30,3,73.4,0,3.3,73.8,10.0,0,0,84,Low,7526.58
DRV03488,19,1,64.3,9,1.3,56.8,23.2,0,1,54,Medium,13970.29
DRV03489,25,2,48.6,1,4.6,50.6,11.8,0,0,85,Low,7128.35
DRV03490,23,4,39.5,1,2.7,54.5,39.2,2,0,57,Medium,13310.11
DRV03491,19,0,42.4,0,2.5,52.9,9.4,4,0,58,Medium,14518.61
DRV03492,52,22,44.4,3,4.5,51.7,13.9,1,0,83,Low,6293.95
DRV03493,22,3,58.7,0,1.3,55.4,10.9,0,2,77,Medium,13047.36
DRV03494,25,1,73.1,10,5.9,75.2,3.7,0,0,52,Medium,12310.94
DRV03495,36,17,56.3,1,1.2,33.4,15.1,0,0,96,Low,5234.89
DRV03496,40,19,63.1,1,1.6,45.6,3.8,0,4,64,High,18267.17
DRV03497,42,23,63.4,9,3.1,36.0,6.2,0,1,74,Medium,11060.52
DRV03498,28,2,50.6,4,2.3,86.8,5.5,0,1,70,Medium,11850.09
DRV03499,32,7,84.6,12,4.5,71.0,18.9,0,3,20,High,20428.76
DRV03500,25,5,47.3,8,3.7,63.1,18.4,1,0,59,Medium,12225.72
DRV03501,40,0,52.5,7,3.0,31.3,2.1,2,0,63,Medium,12363.17
DRV03502,51,23,94.5,4,2.1,5,8.9,0,0,80,Low,6263.13
DRV03503,26,5,54.3,3,4.6,5,20.0,0,0,71,Medium,10934.34
DRV03504,34,15,72.8,0,5.1,28.7,10.5,0,1,84,Low,6614.82
DRV03505,32,0,58.4,3,3.5,36.6,8.7,2,1,55,Medium,13935.79
DRV03506,56,14,44.5,6,2.6,5.3,17.0,0,0,82,Low,6793.95
DRV03507,24,0,76.4,5,4.3,21.1,29.7,0,0,56,Medium,11634.54
DRV03508,40,14,68.2,0,3.7,53.5,2.4,0,0,98,Low,4899.12
DRV03509,24,4,67.0,3,4.7,44.3,9.8,0,0,76,Low,7079.05
DRV03510,64,46,36.8,0,8.1,43.1,18.9,0,1,78,Low,7597.33
DRV03511,47,18,74.8,6,1.6,57.4,13.8,1,1,58,Medium,12014.05
DRV03512,49,19,53.7,0,3.0,51.9,12.5,0,0,96,Low,5896.59
DRV03513,68,25,34.4,3,3.2,80.7,2.8,1,0,96,Low,6665.2
DRV03514,53,13,85.0,0,0.9,7.0,3.2,0,2,73,Medium,11856.62
DRV03515,42,18,62.2,3,0.2,65.9,9.2,2,2,76,Medium,13307.24
DRV03516,36,9,82.9,11,1.3,68.3,3.7,0,1,62,Medium,11842.24
DRV03517,39,16,52.5,2,0.9,39.0,9.7,0,0,100,Low,4734.54
DRV03518,56,24,56.2,0,1.8,53.9,10.4,0,0,100,Low,4620.34
DRV03519,21,2,44.9,3,1.1,5,3.1,0,0,88,Low,7306.44
DRV03520,61,12,63.3,2,5.1,59.4,2.9,0,2,70,Medium,11470.89
DRV03521,37,16,65.5,5,3.6,38.0,4.4,2,2,50,Medium,13170.5
DRV03522,62,37,72.3,8,6.2,35.2,11.7,0,1,56,Medium,11225.7
DRV03523,59,19,70.1,9,4.4,21.1,8.2,0,2,63,Medium,12475.11
DRV03524,58,32,73.1,9,2.2,16.3,23.6,0,0,71,Medium,10904.26
DRV03525,55,13,51.5,9,2.9,36.8,22.7,0,0,69,Medium,10025.21
DRV03526,36,4,44.3,3,7.1,48.0,15.8,0,0,72,Medium,11002.62
DRV03527,19,0,38.6,1,2.6,11.4,7.2,0,0,91,Low,7739.21
DRV03528,33,9,61.5,1,2.2,27.1,23.0,1,0,85,Low,7121.34
DRV03529,70,23,61.0,1,0.2,12.5,4.8,0,0,100,Low,5638.81
DRV03530,58,25,77.7,9,4.8,62.7,0.6,2,0,65,Medium,11940.66
DRV03531,51,6,38.1,0,2.3,13.3,3.8,0,0,96,Low,5666.26
DRV03532,20,2,60.5,9,2.8,25.0,1.1,1,1,56,Medium,13517.14
DRV03533,69,23,79.5,3,4.5,61.8,3.5,0,0,83,Low,6334.53
DRV03534,36,4,42.4,0,0.2,56.2,4.1,2,2,68,Medium,13345.47
DRV03535,32,11,53.7,1,6.0,40.0,5.0,2,2,54,Medium,13638.53
DRV03536,24,2,82.4,2,1.5,5,15.1,1,2,47,High,19059.83
DRV03537,64,12,71.0,8,0.7,14.5,16.7,0,1,62,Medium,11866.91
DRV03538,21,2,35.1,1,3.7,40.9,9.7,1,3,41,High,19757.52
DRV03539,59,19,47.0,9,3.6,76.4,4.1,0,0,80,Low,6950.08
DRV03540,35,4,59.6,1,4.0,50.3,3.0,0,0,91,Low,6188.56
DRV03541,54,2,54.9,3,2.4,22.6,4.1,0,0,87,Low,8015.92
DRV03542,18,0,57.4,0,2.2,14.2,4.4,1,2,62,Medium,14970.72
DRV03543,47,26,68.4,0,1.3,16.0,6.3,2,1,92,Medium,12641.32
DRV03544,65,7,71.7,2,4.8,56.5,4.4,0,0,83,Low,6928.74
DRV03545,39,13,45.9,3,2.9,38.1,6.5,1,0,83,Low,6030.03
DRV03546,55,5,88.3,6,1.8,20.4,8.6,0,1,58,Medium,12416.14
DRV03547,67,12,68.5,5,0.0,27.9,3.5,1,1,72,Medium,10784.4
DRV03548,27,7,50.6,1,4.7,49.3,1.8,2,1,63,Medium,13231.25
DRV03549,42,19,37.7,4,3.3,27.9,5.7,0,0,95,Low,6417.35
DRV03550,23,0,46.6,4,2.1,84.5,4.0,0,0,79,Low,8020.65
DRV03551,68,0,52.3,2,1.3,8.9,18.3,2,0,66,Medium,12094.86
DRV03552,40,12,78.5,0,2.8,68.5,22.2,0,1,71,Medium,11632.79
DRV03553,38,8,46.5,0,2.9,93.3,6.8,2,0,72,Medium,11113.98
DRV03554,25,4,81.9,5,6.9,21.5,10.0,0,1,52,Medium,12813.9
DRV03555,68,15,55.1,1,5.8,32.7,10.1,2,0,83,Medium,10995.34
DRV03556,39,0,25,2,0.5,67.4,14.0,0,0,87,Low,7426.99
DRV03557,21,3,41.6,1,2.4,46.0,9.9,1,0,83,Low,8377.23
DRV03558,61,16,63.7,1,6.8,72.2,0.6,0,1,87,Low,6780.16
DRV03559,24,3,44.7,3,4.0,26.2,12.1,0,0,74,Medium,10948.79
DRV03560,32,8,62.1,3,3.0,38.5,2.7,0,0,95,Low,6599.56
DRV03561,47,13,57.7,0,3.4,36.8,15.6,0,0,91,Low,6525.43
DRV03562,39,4,49.4,0,0.9,17.5,25.4,0,1,72,Medium,11833.88
DRV03563,22,1,77.1,6,1.0,64.6,16.9,0,3,39,High,19133.14
DRV03564,40,10,28.7,2,2.4,8.3,10.4,0,2,69,Medium,11926.52
DRV03565,42,6,43.5,2,6.4,33.0,16.0,0,2,59,Medium,13229.47
DRV03566,25,3,58.7,0,2.5,42.9,6.3,2,3,45,High,19762.54
DRV03567,59,18,45.5,4,3.5,57.1,26.9,0,1,68,Medium,11136.96
DRV03568,66,8,85.4,2,10,15.9,5.8,1,0,58,Medium,11416.58
DRV03569,31,4,59.4,0,5.3,24.7,16.0,2,1,59,Medium,13868.98
DRV03570,35,9,39.5,1,0.8,51.6,5.1,1,2,73,Medium,12307.32
DRV03571,23,0,33.4,7,1.1,67.1,8.8,0,1,72,Medium,12589.11
DRV03572,44,26,52.9,1,4.1,48.1,7.5,0,0,99,Low,5354.89
DRV03573,65,43,47.9,2,1.0,42.2,3.0,1,2,80,Medium,12971.88
DRV03574,35,1,49.4,5,3.3,35.5,15.6,0,1,69,Medium,12228.04
DRV03575,21,1,60.1,2,1.9,49.7,7.2,0,0,83,Low,7483.94
DRV03576,63,41,43.9,2,2.0,27.6,13.5,1,2,65,Medium,12568.29
DRV03577,23,0,52.3,2,2.6,79.3,13.0,0,2,64,Medium,14105.92
DRV03578,63,36,60.4,3,4.6,37.8,20.9,3,1,49,High,16239.55
DRV03579,43,16,70.4,4,4.1,24.5,4.3,1,0,79,Low,6610.8
DRV03580,38,4,57.5,5,0.5,58.8,8.0,7,0,32,High,20431.2
DRV03581,36,11,52.8,4,4.4,49.2,1.4,4,1,44,High,17589.82
DRV03582,55,30,84.0,0,2.5,61.7,18.9,0,0,96,Low,5887.72
DRV03583,30,5,53.6,5,5.9,68.1,15.6,1,1,57,Medium,12599.83
DRV03584,41,7,63.9,8,6.3,46.9,20.7,0,3,26,High,19409.29
DRV03585,63,16,62.9,2,1.7,64.4,6.1,0,0,97,Low,5140.89
DRV03586,50,30,69.0,7,6.2,30.6,9.3,1,1,63,Medium,11741.31
DRV03587,59,39,59.9,0,1.1,53.8,11.0,1,2,84,Medium,11594.89
DRV03588,19,1,51.2,0,1.1,25.0,14.8,0,0,98,Low,8131.48
DRV03589,62,41,71.8,3,2.5,44.6,5.7,4,0,62,Medium,11165.45
DRV03590,45,24,48.5,5,2.4,47.3,9.2,3,0,76,Medium,11825.56
DRV03591,30,11,45.8,0,2.4,20.9,0.2,4,1,67,Medium,13206.07
DRV03592,46,18,75.9,5,2.0,16.4,10.1,3,0,65,Medium,11787.0
DRV03593,52,31,31.2,2,6.7,47.8,11.6,0,1,73,Medium,10608.69
DRV03594,64,19,42.6,4,4.1,31.0,4.1,0,0,84,Low,5350.82
DRV03595,50,30,82.0,2,2.4,53.9,21.7,1,0,69,Medium,10771.04
DRV03596,42,10,62.7,1,0.3,78.8,4.9,0,0,100,Low,5640.02
DRV03597,28,6,37.1,4,2.4,72.9,11.8,0,3,50,High,17898.96
DRV03598,24,2,59.2,12,2.7,34.4,14.6,0,0,52,Medium,11862.46
DRV03599,50,3,51.9,0,1.7,49.1,26.7,1,0,73,Medium,11002.96
DRV03600,33,12,41.5,4,6.2,26.8,4.9,1,0,76,Low,7295.49
DRV03601,46,26,40.7,3,7.0,60.3,10.3,0,2,61,Medium,12380.07
DRV03602,42,11,61.7,1,3.1,60.0,12.7,1,0,86,Low,6726.51
DRV03603,58,23,72.1,2,2.4,71.5,1.4,0,0,91,Low,4819.44
DRV03604,57,22,73.0,0,5.5,56.5,13.6,0,0,85,Low,6089.99
DRV03605,46,25,62.7,13,4.8,5,12.7,6,4,20,High,24522.48
DRV03606,46,8,73.8,6,0.5,32.4,9.7,0,3,50,High,18382.86
DRV03607,63,15,58.7,3,3.0,67.4,7.0,0,1,77,Low,6324.0
DRV03608,66,25,65.7,1,2.5,54.5,9.3,1,0,92,Low,5308.7
DRV03609,60,33,56.9,0,8.5,51.2,16.9,1,1,75,Low,8207.97
DRV03610,55,32,27.1,10,3.8,70.3,0.9,2,1,55,Medium,13272.08
DRV03611,65,14,45.7,1,1.6,75.2,7.6,0,0,100,Low,5545.79
DRV03612,54,28,49.2,0,2.7,51.7,7.5,1,0,97,Low,7056.79
DRV03613,18,0,49.4,5,5.9,48.3,9.5,2,4,20,High,23097.59
DRV03614,45,22,28.9,4,2.3,29.8,7.5,0,3,57,High,16957.74
DRV03615,27,0,25.5,0,2.5,48.6,11.7,2,0,76,Medium,12412.67
DRV03616,38,11,71.7,0,1.1,40.5,6.3,0,1,83,Low,6679.43
DRV03617,23,3,40.3,0,0.6,66.8,6.4,0,0,100,Low,6764.65
DRV03618,61,27,37.5,0,2.7,26.3,8.1,1,1,82,Low,7218.65
DRV03619,20,2,66.1,0,7.9,15.5,15.7,1,2,48,High,19228.52
DRV03620,26,8,25,2,4.1,80.9,11.6,0,3,61,High,17983.44
DRV03621,53,18,66.4,2,0.6,52.7,1.9,1,0,98,Low,6179.15
DRV03622,34,11,57.3,2,1.8,18.6,2.2,0,0,100,Low,5254.93
DRV03623,45,11,75.7,3,1.4,46.3,9.1,0,0,86,Low,6323.98
DRV03624,68,46,72.7,22,3.9,54.8,5.7,0,0,50,Medium,12007.47
DRV03625,67,43,60.0,1,2.6,31.3,1.9,0,4,59,High,17250.69
DRV03626,41,20,45.7,1,3.5,67.1,24.6,1,0,88,Low,7091.96
DRV03627,49,17,59.4,3,4.0,61.6,6.6,1,1,67,Medium,10779.33
DRV03628,42,0,54.9,2,0.7,44.9,15.3,0,0,84,Low,7234.34
DRV03629,45,20,37.3,1,2.9,66.0,4.8,0,1,96,Low,6508.41
DRV03630,34,11,70.0,3,2.0,45.5,4.4,0,0,91,Low,6228.62
DRV03631,38,12,92.0,1,4.7,36.4,11.3,1,2,45,High,17647.22
DRV03632,62,13,44.3,7,0.9,42.1,4.8,1,1,68,Medium,12062.64
DRV03633,53,3,75.1,13,5.4,41.7,43.2,1,2,20,High,20660.73
DRV03634,25,5,43.1,16,8.3,7.6,5.6,2,1,20,High,19346.15
DRV03635,23,0,88.4,10,2.6,49.1,7.8,0,0,54,Medium,12170.51
DRV03636,33,12,65.0,2,2.7,102.5,1.7,0,2,75,Medium,11393.98
DRV03637,69,35,71.5,0,2.7,63.2,26.8,0,1,81,Low,7503.56
DRV03638,28,8,41.8,4,3.5,45.4,7.4,0,0,83,Low,6462.61
DRV03639,30,5,31.3,11,3.3,66.5,6.1,1,1,43,High,17525.84
DRV03640,32,12,36.9,0,5.2,18.1,11.4,0,0,88,Low,5455.06
DRV03641,70,17,53.7,4,6.1,37.7,15.5,0,0,79,Low,7158.08
DRV03642,30,9,37.3,2,6.0,52.6,6.8,0,2,61,Medium,12889.98
DRV03643,33,9,56.9,0,0.5,69.4,6.7,2,1,77,Medium,12417.87
DRV03644,26,8,69.4,3,0.2,43.4,8.9,1,0,80,Low,6838.08
DRV03645,37,10,60.8,4,2.2,65.5,2.7,1,0,85,Low,6748.69
DRV03646,61,19,72.9,2,1.4,47.1,5.6,0,0,99,Low,5395.64
DRV03647,41,15,43.3,1,2.2,20.6,7.1,2,1,72,Medium,12256.99
DRV03648,52,31,67.8,0,2.5,29.6,26.6,0,0,82,Low,5736.03
DRV03649,42,17,54.7,2,1.3,60.2,32.6,1,0,83,Low,6987.28
DRV03650,42,8,58.0,0,0.2,49.9,5.5,0,1,94,Low,7104.0
DRV03651,50,30,58.6,0,4.4,55.8,17.0,7,0,47,High,18951.63
DRV03652,45,19,61.5,7,1.2,41.4,1.8,0,0,95,Low,6068.9
DRV03653,70,42,68.5,0,2.2,38.1,4.3,0,0,99,Low,4361.99
DRV03654,55,27,53.2,4,7.8,72.0,12.9,0,0,85,Low,5864.88
DRV03655,23,2,51.3,9,2.5,33.2,2.2,0,0,71,Medium,11711.02
DRV03656,21,1,46.4,8,2.6,5,14.1,0,0,70,Medium,12886.2
DRV03657,56,12,37.0,10,2.0,40.4,11.6,0,1,63,Medium,12152.17
DRV03658,29,9,55.7,1,2.3,73.8,10.4,0,2,67,Medium,10916.82
DRV03659,30,8,65.0,2,1.3,73.8,5.2,2,3,42,High,19011.85
DRV03660,59,16,63.9,5,1.5,66.3,5.9,0,1,80,Low,7463.16
DRV03661,63,40,60.0,2,1.4,73.1,7.2,0,0,100,Low,4491.45
DRV03662,62,15,71.3,13,2.2,38.9,15.5,0,3,38,High,18565.84
DRV03663,52,9,70.1,0,2.3,44.8,8.2,0,1,89,Low,7592.97
DRV03664,70,1,75.6,5,1.5,91.0,7.2,2,0,58,Medium,12600.69
DRV03665,27,8,50.4,1,1.0,62.7,23.9,0,4,50,High,19560.99
DRV03666,38,6,64.4,4,1.8,41.8,13.2,2,0,66,Medium,11882.48
DRV03667,23,5,68.6,3,1.5,63.8,6.1,0,1,77,Low,8584.06
DRV03668,35,13,54.5,0,2.5,43.6,31.0,0,0,87,Low,6545.95
DRV03669,53,6,49.1,0,5.7,65.4,20.6,0,0,81,Low,7478.68
DRV03670,19,0,79.9,3,2.7,51.0,2.4,0,1,58,Medium,13514.16
DRV03671,43,18,39.4,4,10,34.5,11.5,1,0,70,Medium,10955.86
DRV03672,60,5,38.8,0,1.9,27.5,3.0,0,1,95,Low,6941.83
DRV03673,46,6,52.6,8,0.5,62.0,23.5,0,0,63,Medium,11491.36
DRV03674,52,23,69.8,1,0.7,6.1,15.1,2,1,71,Medium,12298.96
DRV03675,47,6,66.6,5,5.0,5,7.1,1,3,31,High,17772.7
DRV03676,67,9,37.7,0,3.8,55.6,7.6,0,0,91,Low,5990.6
DRV03677,28,3,74.8,5,1.3,66.2,6.9,2,0,58,Medium,12606.42
DRV03678,66,0,59.4,0,0.5,5,14.4,1,1,72,Medium,12452.22
DRV03679,25,4,57.6,1,0.7,28.1,14.9,1,0,83,Low,7828.27
DRV03680,56,25,81.5,1,2.6,25.2,6.5,0,0,95,Low,5520.49
DRV03681,31,9,72.5,7,5.3,37.5,7.3,0,1,57,Medium,11036.3
DRV03682,51,21,58.1,6,0.9,32.6,2.9,1,1,72,Medium,11822.74
DRV03683,28,8,86.0,0,0.2,58.5,9.3,1,1,66,Medium,12929.95
DRV03684,61,20,53.5,1,1.5,41.4,1.9,0,0,100,Low,5026.86
DRV03685,52,24,90.4,1,6.3,64.3,11.2,0,0,77,Low,6704.59
DRV03686,25,5,59.4,0,6.3,65.1,2.2,0,2,65,Medium,13211.96
DRV03687,50,14,25,5,5.1,5,8.1,0,0,83,Low,6751.73
DRV03688,57,1,80.9,4,2.0,47.3,5.3,0,0,78,Low,7169.26
DRV03689,45,15,71.8,2,0.8,60.8,6.6,1,0,90,Low,6378.2
DRV03690,31,13,49.5,5,7.8,80.9,19.6,1,1,43,High,17150.88
DRV03691,47,10,25,1,1.3,21.3,9.9,0,0,95,Low,5964.04
DRV03692,30,11,82.7,0,1.9,34.8,5.5,0,2,67,Medium,12328.18
DRV03693,24,3,64.2,0,1.4,74.6,3.1,0,0,92,Low,6981.05
DRV03694,43,6,65.1,1,2.9,25.6,2.3,0,3,58,High,16665.87
DRV03695,30,6,39.0,11,3.1,50.4,9.5,0,2,48,High,18366.22
DRV03696,44,22,69.5,0,1.6,95.6,9.7,1,3,62,High,17260.03
DRV03697,24,6,48.6,11,4.8,52.3,12.7,0,1,45,High,16344.74
DRV03698,40,3,51.7,2,1.0,72.9,1.6,0,3,66,High,17889.29
DRV03699,19,1,47.8,0,3.2,46.5,20.7,0,0,91,Low,8506.14
DRV03700,57,10,50.5,5,4.0,37.3,10.1,0,0,83,Low,7386.65
DRV03701,67,14,52.1,2,8.2,86.9,4.2,0,2,59,Medium,11260.64
DRV03702,51,23,38.5,4,7.7,13.3,3.5,4,0,59,Medium,12739.54
DRV03703,68,13,59.2,0,1.6,87.1,16.3,1,4,44,High,18720.93
DRV03704,48,29,63.6,4,4.1,19.3,8.7,0,0,85,Low,5314.44
DRV03705,29,2,44.9,8,0.9,35.0,5.5,0,0,81,Low,7562.18
DRV03706,70,1,53.7,4,2.0,53.9,13.5,1,0,75,Low,8789.86
DRV03707,23,0,65.0,2,1.6,87.1,12.2,2,0,62,Medium,12366.8
DRV03708,22,3,47.8,0,4.3,38.2,5.8,0,0,90,Low,8022.63
DRV03709,46,3,67.8,3,10,19.5,3.5,4,1,30,High,19105.79
DRV03710,68,26,71.3,0,5.0,60.1,4.1,0,0,92,Low,6141.84
DRV03711,59,41,50.3,2,5.4,53.6,1.5,2,0,85,Medium,10155.44
DRV03712,35,3,56.4,10,2.2,35.6,5.0,0,1,54,Medium,12936.59
DRV03713,35,13,42.0,6,0.9,63.1,15.6,1,0,79,Low,7143.58
DRV03714,56,6,76.1,7,9.0,37.3,15.7,0,0,58,Medium,11325.12
DRV03715,21,0,56.9,0,6.0,55.2,6.8,3,0,61,Medium,13493.05
DRV03716,68,17,77.3,7,5.1,40.9,4.9,0,0,78,Low,6653.09
DRV03717,43,17,42.5,9,3.6,34.7,9.3,1,3,33,High,18334.74
DRV03718,30,8,60.4,9,6.0,76.0,2.6,1,1,40,High,17022.47
DRV03719,58,35,113.1,0,0.9,64.1,2.4,0,0,88,Low,6670.44
DRV03720,65,19,57.8,5,2.0,43.1,10.8,0,0,88,Low,6056.68
DRV03721,66,1,60.5,3,2.7,5,12.9,0,0,83,Low,7691.29
DRV03722,60,5,59.5,0,6.6,54.8,15.7,1,2,51,Medium,14527.9
DRV03723,61,8,70.3,10,3.4,5,6.3,1,0,62,Medium,11801.66
DRV03724,43,19,75.8,1,1.7,80.2,8.7,0,1,89,Low,7541.83
DRV03725,67,36,49.1,13,1.2,56.5,12.1,3,3,20,High,19929.37
DRV03726,25,7,57.2,0,2.8,34.0,7.7,0,0,95,Low,6055.49
DRV03727,62,34,65.6,3,8.4,7.4,5.3,1,0,77,Low,6267.32
DRV03728,67,23,55.6,9,1.2,38.3,7.7,2,1,65,Medium,12741.04
DRV03729,43,12,51.7,2,0.8,53.2,1.6,0,1,95,Low,6772.35
DRV03730,51,12,60.0,2,3.9,17.0,7.2,0,0,92,Low,5957.97
DRV03731,63,15,70.4,3,4.3,92.9,10.9,0,0,80,Low,5256.73
DRV03732,58,33,57.4,0,1.7,32.4,3.6,2,2,72,Medium,12501.16
DRV03733,70,7,57.5,4,1.5,46.2,11.6,0,0,90,Low,6838.84
DRV03734,70,26,50.3,5,2.0,65.1,8.6,0,0,92,Low,5740.8
DRV03735,65,38,71.6,0,5.0,54.1,7.7,2,1,70,Medium,10804.56
DRV03736,51,12,59.9,1,1.1,23.1,16.3,0,3,68,High,16922.2
DRV03737,63,29,49.0,5,5.0,77.5,15.8,0,0,77,Low,6144.84
DRV03738,52,34,54.8,1,5.1,12.5,25.2,1,0,75,Low,7520.13
DRV03739,69,30,50.4,1,1.2,66.6,18.4,1,1,76,Low,7476.9
DRV03740,42,14,36.7,1,0.4,44.7,11.9,0,0,97,Low,5528.0
DRV03741,63,5,55.1,0,1.8,61.9,14.5,0,0,93,Low,6392.58
DRV03742,60,4,70.7,1,1.3,39.9,8.6,1,2,63,Medium,13314.72
DRV03743,44,21,76.6,1,3.2,93.5,5.2,0,0,87,Low,5586.15
DRV03744,33,5,80.3,11,0.5,5,6.5,0,0,56,Medium,11525.27
DRV03745,60,12,90.3,3,0.1,66.2,16.1,1,2,47,High,17165.6
DRV03746,70,32,74.8,8,2.5,11.0,9.2,0,0,84,Low,6600.37
DRV03747,40,12,56.7,2,2.5,33.8,12.5,0,0,96,Low,5658.9
DRV03748,62,21,55.5,0,1.7,51.8,6.9,1,0,100,Low,6928.52
DRV03749,41,23,49.1,1,1.2,52.4,3.1,0,2,82,Medium,10916.77
DRV03750,19,1,59.3,5,4.5,53.5,0.5,0,1,63,Medium,12789.75
DRV03751,67,9,60.5,10,3.0,74.6,11.1,0,0,70,Medium,10248.76
DRV03752,27,6,45.9,2,3.6,23.1,9.7,2,3,39,High,19742.0
DRV03753,39,21,58.0,2,2.0,17.7,16.1,0,0,96,Low,6236.89
DRV03754,26,8,64.7,1,1.4,44.9,3.0,0,0,96,Low,6515.93
DRV03755,35,9,41.0,2,2.0,38.0,20.6,1,0,80,Low,7291.0
DRV03756,22,4,27.5,24,3.1,37.2,8.3,0,0,35,High,16704.5
DRV03757,46,21,55.1,10,5.3,28.9,3.6,0,1,64,Medium,11783.38
DRV03758,43,10,60.0,0,0.7,26.1,15.3,0,1,79,Low,7187.31
DRV03759,57,3,28.4,2,3.3,39.1,3.0,0,0,95,Low,7037.19
DRV03760,49,0,66.1,3,4.2,10.6,2.9,1,0,74,Medium,11376.64
DRV03761,37,2,57.1,1,5.1,29.3,12.7,0,3,53,High,18619.34
DRV03762,38,3,49.4,0,10,60.2,2.5,0,0,82,Low,7306.63
DRV03763,51,3,84.7,3,2.8,56.1,8.8,0,1,64,Medium,12751.35
DRV03764,56,4,77.4,4,0.7,119.4,13.8,0,1,66,Medium,12720.62
DRV03765,40,18,55.7,1,4.0,47.7,9.9,4,0,67,Medium,12361.24
DRV03766,39,13,62.8,4,3.0,56.9,5.5,2,0,72,Medium,11336.96
DRV03767,57,1,45.5,10,0.4,34.0,10.6,1,0,65,Medium,11928.34
DRV03768,64,21,38.3,3,3.6,47.6,5.6,0,3,66,High,17230.72
DRV03769,51,17,65.1,0,3.9,13.0,24.7,0,0,89,Low,6134.03
DRV03770,66,4,54.1,0,5.0,57.1,4.7,0,0,92,Low,6913.86
DRV03771,39,5,76.5,0,3.5,47.3,10.0,1,1,67,Medium,12660.21
DRV03772,64,27,69.7,5,2.9,51.0,5.1,3,2,46,High,18428.83
DRV03773,58,14,63.1,6,1.5,52.0,5.0,1,1,71,Medium,12111.33
DRV03774,48,7,72.1,1,1.3,55.6,6.8,0,0,90,Low,6428.66
DRV03775,26,1,81.4,1,3.2,95.8,4.4,1,0,69,Medium,11609.85
DRV03776,26,5,34.9,2,0.6,55.2,13.3,3,1,54,Medium,13021.0
DRV03777,37,8,81.6,1,7.9,21.4,14.4,0,0,74,Medium,11418.44
DRV03778,62,26,67.4,0,4.9,5,3.8,0,1,85,Low,6710.79
DRV03779,35,13,42.8,0,3.8,43.9,6.9,0,0,93,Low,5995.38
DRV03780,62,30,40.0,2,0.7,85.1,6.2,0,0,100,Low,4413.56
DRV03781,51,1,41.0,2,5.8,49.8,13.9,0,0,73,Medium,10851.93
DRV03782,63,39,84.0,3,3.7,48.6,13.6,1,4,34,High,20415.9
DRV03783,30,9,56.1,0,0.8,52.8,0.4,0,0,100,Low,5615.45
DRV03784,65,10,78.5,3,2.3,56.4,1.8,0,0,89,Low,6523.52
DRV03785,18,0,50.8,0,7.4,94.7,2.8,0,0,83,Low,7566.94
DRV03786,21,3,35.5,2,2.9,44.8,1.6,2,0,83,Medium,12279.07
DRV03787,40,1,65.8,8,0.3,64.9,9.2,0,1,62,Medium,12257.37
DRV03788,35,2,37.6,3,1.7,5,18.5,0,0,77,Low,7734.38
DRV03789,58,16,31.2,0,1.3,72.9,16.2,3,0,80,Medium,11632.25
DRV03790,49,6,76.0,2,1.3,50.9,3.6,3,1,55,Medium,13291.15
DRV03791,45,24,59.2,5,1.6,33.7,3.1,0,0,82,Low,5958.25
DRV03792,70,27,79.8,0,0.3,65.6,2.6,0,0,100,Low,4981.19
DRV03793,56,15,42.0,0,2.0,24.5,7.8,1,3,66,High,17183.97
DRV03794,38,11,41.9,0,0.3,21.2,10.0,0,3,73,High,17479.5
DRV03795,66,14,56.1,11,3.1,17.7,10.9,0,3,40,High,18396.29
DRV03796,30,10,46.4,1,8.8,43.3,6.3,0,0,81,Low,6823.81
DRV03797,20,0,29.4,13,2.8,56.2,30.0,0,0,46,High,17563.59
DRV03798,36,18,47.8,3,1.2,49.3,14.2,0,2,80,Medium,11487.22
DRV03799,63,39,57.9,0,1.0,22.4,24.0,0,0,100,Low,5096.09
DRV03800,48,10,44.4,1,3.1,47.7,4.5,0,0,100,Low,5047.59
DRV03801,50,26,65.1,4,1.0,47.2,14.2,0,2,68,Medium,11188.47
DRV03802,42,8,53.2,0,7.4,35.3,3.7,0,0,94,Low,6388.63
DRV03803,40,17,81.2,3,2.9,61.6,18.5,1,2,48,High,17308.64
DRV03804,32,4,93.3,1,0.8,41.7,17.5,0,3,48,High,18980.2
DRV03805,31,4,78.2,4,3.7,57.3,9.4,0,1,64,Medium,12548.23
DRV03806,20,0,91.7,8,2.8,65.6,6.5,0,0,53,Medium,12632.63
DRV03807,58,33,86.4,0,0.3,49.5,4.9,2,1,74,Medium,11578.77
DRV03808,53,1,57.9,0,6.8,51.0,3.9,1,2,60,Medium,13571.97
DRV03809,47,24,49.0,1,4.5,48.7,2.4,1,2,69,Medium,12421.52
DRV03810,24,2,76.7,5,1.4,28.6,8.8,0,4,36,High,20436.77
DRV03811,50,29,56.8,3,5.2,11.4,0.9,0,3,71,High,16397.36
DRV03812,42,11,39.7,3,7.2,62.6,11.1,0,0,77,Low,6424.59
DRV03813,64,36,76.1,5,4.9,7.5,10.1,1,0,63,Medium,10879.7
DRV03814,36,17,56.4,3,2.8,25.0,12.7,0,0,89,Low,5009.56
DRV03815,58,32,92.4,1,5.7,53.1,3.4,0,0,84,Low,6186.65
DRV03816,33,8,45.2,0,4.7,52.0,10.0,1,0,77,Low,7278.66
DRV03817,52,23,56.8,5,2.1,72.3,15.5,1,0,90,Low,5947.4
DRV03818,63,43,77.9,6,2.1,36.7,23.7,1,0,64,Medium,11006.26
DRV03819,70,43,79.2,3,0.7,54.5,12.7,0,0,89,Low,5820.91
DRV03820,65,18,60.2,3,3.7,68.3,13.9,0,1,78,Low,7195.52
DRV03821,46,24,59.8,3,2.0,28.2,5.1,0,1,89,Low,6586.35
DRV03822,57,16,87.5,3,6.6,82.1,0.7,0,1,75,Low,8101.83
DRV03823,33,4,66.9,7,2.7,29.0,15.3,0,0,71,Medium,11366.18
DRV03824,39,19,38.6,5,0.5,33.8,38.0,0,1,72,Medium,11519.72
DRV03825,33,3,79.1,2,2.0,46.5,6.3,2,0,67,Medium,12390.46
DRV03826,48,28,48.5,1,2.0,5,28.4,0,1,71,Medium,11470.82
DRV03827,37,19,78.0,2,0.4,66.2,4.5,1,0,89,Low,6369.32
DRV03828,36,8,60.6,6,2.3,62.6,9.1,1,1,67,Medium,11816.14
DRV03829,61,30,35.7,6,1.5,51.1,12.2,0,0,90,Low,5991.67
DRV03830,34,6,83.4,0,3.4,39.1,32.9,1,1,51,Medium,14115.34
DRV03831,41,3,60.0,9,4.2,32.0,5.8,3,0,46,High,17571.46
DRV03832,57,35,81.5,4,2.3,72.9,2.7,0,0,88,Low,5742.34
DRV03833,33,12,72.8,0,3.1,70.7,3.0,2,0,79,Medium,11137.02
DRV03834,24,1,31.6,5,1.3,45.3,10.8,2,4,24,High,21616.03
DRV03835,25,6,51.1,2,1.0,48.4,8.6,1,0,92,Low,8107.73
DRV03836,27,3,64.2,1,1.0,115.9,7.2,0,0,95,Low,7259.7
DRV03837,47,23,67.0,1,1.8,63.7,5.4,0,0,100,Low,4695.04
DRV03838,28,8,48.0,0,4.6,22.2,7.7,2,0,73,Medium,11648.56
DRV03839,18,0,27.0,1,9.4,41.2,8.7,3,0,59,Medium,13652.54
DRV03840,34,5,64.6,16,3.6,35.4,10.3,0,0,48,High,16212.1
DRV03841,51,31,76.6,2,4.2,37.2,9.2,0,0,87,Low,6115.32
DRV03842,40,14,37.6,0,5.1,29.6,7.0,0,0,94,Low,5862.79
DRV03843,52,14,55.3,3,3.9,70.9,0.5,1,0,84,Low,7044.84
DRV03844,49,8,52.2,5,2.7,6.9,16.6,0,0,76,Low,6550.28
DRV03845,25,4,48.0,10,1.3,35.2,12.2,0,0,63,Medium,11264.78
DRV03846,61,15,84.7,3,5.7,49.5,11.5,0,1,58,Medium,10746.65
DRV03847,56,32,47.9,25,3.9,46.6,4.1,1,1,26,High,17989.64
DRV03848,58,22,49.9,0,0.6,22.9,12.3,0,0,100,Low,5295.82
DRV03849,28,2,37.6,6,8.5,52.0,11.8,1,2,35,High,19800.61
DRV03850,62,42,58.0,2,0.5,64.6,0.4,0,0,100,Low,5766.64
DRV03851,24,3,69.6,9,3.5,61.7,7.6,2,0,44,High,16564.21
DRV03852,28,10,71.5,11,0.8,54.6,14.2,2,3,27,High,20236.18
DRV03853,57,29,70.9,1,1.0,43.9,3.0,2,0,86,Medium,11025.79
DRV03854,64,31,58.1,1,4.9,60.4,6.4,0,0,99,Low,6209.69
DRV03855,62,8,94.9,4,3.5,43.1,13.6,0,3,34,High,19090.9
DRV03856,70,46,68.7,9,4.9,14.9,12.5,1,0,60,Medium,10666.77
DRV03857,59,31,75.0,0,7.5,56.6,16.5,0,0,79,Low,6360.92
DRV03858,40,19,71.3,2,2.2,75.0,7.4,1,0,92,Low,6164.68
DRV03859,70,7,81.0,4,3.5,44.4,3.0,0,2,62,Medium,13735.66
DRV03860,62,33,59.4,1,1.7,14.6,3.1,1,0,97,Low,5724.22
DRV03861,31,3,45.5,1,1.0,62.8,4.8,0,4,55,High,18520.75
DRV03862,54,34,65.5,0,1.3,52.3,5.7,0,0,100,Low,4605.77
DRV03863,38,2,47.0,4,1.0,19.6,10.0,2,0,68,Medium,12249.75
DRV03864,36,7,41.4,6,10,65.9,5.6,0,3,38,High,20048.43
DRV03865,36,8,62.7,8,3.9,50.3,11.0,1,0,72,Medium,11316.87
DRV03866,23,3,25,0,6.3,59.1,5.1,0,0,88,Low,6639.1
DRV03867,59,27,54.6,0,2.8,76.5,2.9,0,0,100,Low,4679.65
DRV03868,28,0,44.2,5,1.9,42.6,15.9,0,0,67,Medium,11184.9
DRV03869,64,27,38.9,1,3.7,73.2,40.5,0,0,86,Low,6541.41
DRV03870,50,7,80.5,6,5.9,49.5,15.1,0,0,58,Medium,11181.79
DRV03871,49,7,41.6,1,5.5,53.6,2.5,1,1,74,Medium,12330.84
DRV03872,44,3,81.1,3,2.8,16.5,5.6,0,0,73,Medium,9812.1
DRV03873,21,2,84.2,6,2.2,6.1,8.1,0,0,70,Medium,11675.51
DRV03874,69,28,25,1,4.0,20.4,11.9,0,2,82,Medium,11638.58
DRV03875,34,0,50.5,0,2.0,18.1,6.3,0,1,77,Low,8800.05
DRV03876,44,11,58.8,3,7.6,99.9,18.3,4,1,34,High,18222.81
DRV03877,43,12,57.2,4,8.6,20.3,4.2,0,2,58,Medium,12047.31
DRV03878,55,31,94.0,1,3.7,51.1,3.4,0,0,82,Low,6195.67
DRV03879,38,1,47.9,5,0.6,18.0,3.5,0,1,73,Medium,12109.52
DRV03880,56,14,36.3,0,2.9,88.4,8.9,0,0,100,Low,5134.24
DRV03881,68,27,69.8,6,0.8,60.6,4.7,2,1,68,Medium,11875.91
DRV03882,38,7,87.0,8,2.5,60.1,1.0,0,1,57,Medium,12021.46
DRV03883,32,1,58.9,1,3.3,26.2,8.2,3,0,63,Medium,12901.65
DRV03884,24,6,38.0,10,1.6,46.3,11.6,0,1,64,Medium,12335.19
DRV03885,41,16,52.3,1,4.6,49.8,1.8,0,0,100,Low,5213.29
DRV03886,50,2,51.0,0,7.8,50.3,6.7,3,2,41,High,19672.59
DRV03887,69,48,51.2,3,1.4,59.1,14.3,1,1,75,Low,9089.39
DRV03888,63,21,35.2,9,5.8,11.9,19.2,0,0,70,Medium,10291.45
DRV03889,25,2,71.2,1,1.0,53.5,8.8,4,1,48,High,18454.08
DRV03890,18,0,67.4,15,1.1,41.9,8.9,0,0,55,Medium,13680.43
DRV03891,65,44,53.9,3,4.2,55.9,3.8,0,0,98,Low,5557.5
DRV03892,66,0,80.7,10,3.8,5,8.3,1,0,42,High,16537.55
DRV03893,68,7,57.0,10,8.2,37.5,1.6,0,1,52,Medium,12571.53
DRV03894,70,21,72.2,1,2.2,98.1,8.3,1,0,92,Low,6977.29
DRV03895,40,6,35.7,0,6.5,53.9,5.0,0,1,81,Low,8525.0
DRV03896,29,4,55.8,8,0.4,77.9,8.1,1,0,67,Medium,11621.86
DRV03897,37,6,25,12,3.6,21.2,8.4,0,1,51,Medium,13294.72
DRV03898,34,14,56.2,14,9.4,85.3,8.0,0,1,32,High,16131.48
DRV03899,53,10,64.8,5,4.9,61.1,21.4,0,0,67,Medium,11118.97
DRV03900,67,39,64.7,1,2.1,10.2,4.1,0,1,90,Low,6275.71
DRV03901,42,22,63.5,0,3.8,51.0,8.0,0,3,74,High,17266.12
DRV03902,40,10,55.7,12,10,87.2,17.5,1,0,40,High,16446.03
DRV03903,44,25,35.6,4,0.7,54.7,15.3,0,1,84,Low,6733.45
DRV03904,53,25,71.5,1,1.0,80.2,19.5,0,0,98,Low,5433.92
DRV03905,61,36,66.5,5,10,22.3,0.8,0,0,80,Low,6076.41
DRV03906,41,1,51.8,0,0.8,55.6,9.1,0,4,53,High,19569.0
DRV03907,63,25,79.4,8,1.3,31.9,10.1,2,0,58,Medium,12246.63
DRV03908,40,2,50.0,3,2.9,5,1.5,0,0,84,Low,6821.08
DRV03909,36,10,60.1,4,1.1,38.1,14.2,0,0,88,Low,6485.27
DRV03910,40,19,58.6,2,3.7,78.5,1.6,2,2,67,Medium,12489.14
DRV03911,68,37,30.5,9,4.9,64.7,4.5,0,0,76,Low,6584.43
DRV03912,61,1,47.1,17,3.1,20.0,15.9,1,0,35,High,16978.14
DRV03913,55,1,56.9,0,2.1,34.9,3.1,0,4,51,High,19527.12
DRV03914,45,18,59.0,2,2.1,56.4,6.0,0,0,100,Low,5500.78
DRV03915,64,16,70.1,12,5.2,36.5,6.5,0,1,59,Medium,11354.15
DRV03916,67,49,81.2,8,2.5,18.1,5.9,0,0,78,Low,7025.98
DRV03917,47,5,70.2,1,3.8,72.8,17.7,3,1,45,High,17149.33
DRV03918,50,0,71.2,4,5.6,62.0,5.9,0,0,66,Medium,10611.9
DRV03919,45,3,88.5,5,2.7,32.7,1.0,0,0,71,Medium,11439.11
DRV03920,60,40,61.2,4,1.9,41.7,13.1,2,0,71,Medium,10486.31
DRV03921,21,2,36.8,11,2.3,46.4,19.3,1,0,53,Medium,12659.59
DRV03922,24,2,77.2,5,6.7,49.1,23.5,2,0,39,High,17369.81
DRV03923,55,10,63.3,4,2.9,56.8,11.4,0,1,77,Low,7172.52
DRV03924,32,0,62.7,10,2.0,11.9,12.5,2,1,40,High,18351.72
DRV03925,50,19,79.2,36,3.1,85.8,5.8,0,0,20,High,17054.74
DRV03926,66,28,29.8,0,2.8,32.5,5.1,4,0,84,Medium,11415.07
DRV03927,41,18,76.2,0,0.7,5,8.5,0,0,97,Low,5531.25
DRV03928,64,13,61.2,0,0.8,57.1,42.3,0,1,75,Low,7218.9
DRV03929,67,4,57.3,0,1.1,55.9,14.2,0,1,86,Low,8127.98
DRV03930,48,18,25,8,1.8,78.0,18.2,0,1,74,Medium,11992.04
DRV03931,48,23,100.0,5,0.5,51.5,10.4,0,1,64,Medium,12062.23
DRV03932,39,8,64.0,2,7.8,66.6,7.9,1,2,57,Medium,13615.17
DRV03933,29,9,49.8,5,1.6,51.2,8.1,0,3,56,High,17487.77
DRV03934,32,9,44.0,8,3.6,56.4,14.4,3,1,38,High,18886.36
DRV03935,56,32,66.4,1,0.1,51.7,8.9,1,1,78,Low,6873.76
DRV03936,35,9,83.3,8,7.3,78.9,1.9,0,0,64,Medium,10818.21
DRV03937,28,6,60.4,5,0.3,45.2,15.6,3,0,61,Medium,12455.42
DRV03938,48,17,80.8,5,3.6,49.8,8.3,0,1,74,Medium,12097.5
DRV03939,25,2,50.5,3,1.5,47.0,24.0,1,2,50,Medium,14284.71
DRV03940,28,7,66.5,0,0.7,64.1,7.8,0,0,95,Low,5851.03
DRV03941,66,34,39.4,3,4.8,31.7,3.9,0,0,97,Low,5488.0
DRV03942,66,25,73.5,2,0.6,69.7,19.8,0,2,75,Medium,12355.64
DRV03943,46,24,49.1,4,1.3,12.4,6.9,0,0,98,Low,5629.16
DRV03944,21,2,92.9,10,4.4,44.9,22.4,0,0,37,High,18217.6
DRV03945,46,6,76.2,2,7.3,53.5,10.6,0,0,71,Medium,11547.82
DRV03946,66,3,56.8,4,2.4,49.3,10.4,3,1,53,Medium,14046.56
DRV03947,32,3,63.8,2,3.2,127.0,10.8,1,2,54,Medium,14548.3
DRV03948,38,13,47.0,7,2.4,36.9,13.0,1,0,76,Low,7757.56
DRV03949,20,1,45.2,1,0.5,33.0,13.1,0,0,86,Low,7704.09
DRV03950,46,22,59.2,0,0.8,112.7,16.0,0,0,100,Low,5021.35
DRV03951,43,14,45.1,1,1.0,53.0,9.0,0,1,92,Low,5870.32
DRV03952,54,2,62.1,0,2.5,20.8,10.5,1,0,85,Low,7633.94
DRV03953,36,18,64.5,4,0.1,34.3,11.5,0,0,95,Low,5375.88
DRV03954,38,10,58.8,6,4.2,43.5,4.3,0,2,61,Medium,13385.1
DRV03955,24,1,76.9,6,0.4,35.0,11.3,2,2,31,High,19415.81
DRV03956,52,31,51.8,18,2.9,18.4,4.1,2,0,53,Medium,12414.25
DRV03957,51,15,76.4,3,3.5,22.9,12.0,0,0,89,Low,5826.81
DRV03958,53,26,87.6,5,3.5,20.1,12.0,1,0,64,Medium,11143.66
DRV03959,42,22,42.9,2,7.8,28.7,3.2,0,0,88,Low,5333.57
DRV03960,29,5,49.0,0,0.9,71.0,1.7,0,0,100,Low,5978.35
DRV03961,28,10,53.8,10,1.3,5,15.8,0,1,60,Medium,10933.25
DRV03962,60,9,59.7,4,1.5,96.0,7.7,0,0,83,Low,6486.21
DRV03963,68,37,41.4,2,4.6,58.0,4.3,3,2,51,Medium,14710.43
DRV03964,36,1,36.6,1,5.1,20.1,8.6,0,0,80,Low,6548.19
DRV03965,43,25,62.5,0,3.2,58.4,7.7,0,2,91,Medium,11369.26
DRV03966,52,4,60.2,0,1.6,50.0,4.5,0,0,96,Low,6198.66
DRV03967,29,2,47.3,0,1.4,83.5,3.7,2,1,74,Medium,12565.58
DRV03968,62,22,56.1,1,3.1,28.6,10.4,1,0,91,Low,6684.78
DRV03969,61,43,29.5,2,0.4,59.1,11.4,1,1,85,Low,7458.43
DRV03970,67,24,71.1,3,3.4,66.7,9.0,0,0,88,Low,4863.04
DRV03971,31,0,39.4,5,3.7,40.0,4.1,0,0,80,Low,7967.71
DRV03972,38,17,71.0,0,1.3,64.5,4.0,1,1,83,Low,6870.48
DRV03973,44,4,66.0,8,1.9,8.5,4.2,2,0,69,Medium,12467.19
DRV03974,28,5,64.4,0,1.7,39.6,10.0,0,0,88,Low,5956.02
DRV03975,45,25,47.8,0,4.0,23.6,13.1,5,0,64,Medium,13223.99
DRV03976,61,34,69.6,0,4.0,41.8,11.6,3,0,74,Medium,11059.39
DRV03977,27,0,25,19,6.0,44.3,21.4,2,0,20,High,19399.23
DRV03978,36,11,34.4,7,2.9,8.4,11.2,4,1,44,High,19247.69
DRV03979,39,15,63.2,1,1.1,13.7,13.2,1,1,82,Low,7237.81
DRV03980,48,5,35.0,4,3.8,83.4,15.5,0,0,77,Low,7736.77
DRV03981,46,4,59.2,4,3.4,71.2,2.5,0,0,81,Low,7179.74
DRV03982,37,0,41.7,7,0.5,28.1,17.3,3,0,48,High,18092.54
DRV03983,31,6,78.6,5,5.5,62.3,7.6,1,1,50,Medium,13449.79
DRV03984,58,17,31.8,3,8.2,29.3,1.4,1,0,78,Low,6729.93
DRV03985,60,31,62.8,19,4.4,5,13.3,1,0,43,High,17250.53
DRV03986,48,0,42.9,1,2.2,11.8,9.7,0,0,89,Low,7083.42
DRV03987,20,2,52.2,2,4.0,31.4,19.9,0,0,73,Medium,11294.08
DRV03988,39,16,62.1,2,4.1,33.5,10.9,0,1,79,Low,6975.3
DRV03989,43,10,76.4,12,1.9,62.8,9.4,0,1,58,Medium,12301.78
DRV03990,36,10,25,10,2.9,60.3,10.5,0,0,70,Medium,9971.86
DRV03991,37,17,66.2,1,1.3,5,7.3,3,1,67,Medium,12623.3
DRV03992,48,14,64.4,4,7.6,51.2,3.9,1,0,74,Medium,10442.97
DRV03993,41,4,30.3,0,0.5,61.3,7.9,0,1,86,Low,8345.7
DRV03994,44,1,38.3,4,3.7,69.5,3.8,0,2,62,Medium,13958.11
DRV03995,64,14,59.0,3,4.6,58.2,5.9,0,0,92,Low,4709.04
DRV03996,29,11,95.6,2,2.8,50.8,10.0,1,0,68,Medium,11380.89
DRV03997,52,5,61.2,9,6.0,48.0,0.8,1,1,49,High,17685.98
DRV03998,63,37,70.5,14,6.6,33.1,3.6,1,3,23,High,19409.94
DRV03999,23,1,79.9,0,2.9,84.4,9.6,0,0,79,Low,7845.48
DRV04000,28,4,75.5,0,3.4,78.3,15.0,0,1,73,Medium,12234.81
